-- phpMyAdmin SQL Dump
-- version 5.2.1
-- https://www.phpmyadmin.net/
--
-- Host: 127.0.0.1
-- Waktu pembuatan: 12 Jan 2026 pada 16.27
-- Versi server: 10.4.32-MariaDB
-- Versi PHP: 8.2.12

SET SQL_MODE = "NO_AUTO_VALUE_ON_ZERO";
START TRANSACTION;
SET time_zone = "+00:00";


/*!40101 SET @OLD_CHARACTER_SET_CLIENT=@@CHARACTER_SET_CLIENT */;
/*!40101 SET @OLD_CHARACTER_SET_RESULTS=@@CHARACTER_SET_RESULTS */;
/*!40101 SET @OLD_COLLATION_CONNECTION=@@COLLATION_CONNECTION */;
/*!40101 SET NAMES utf8mb4 */;

--
-- Database: `db_detik_lombok`
--

-- --------------------------------------------------------

--
-- Struktur dari tabel `cache`
--

CREATE TABLE `cache` (
  `key` varchar(255) NOT NULL,
  `value` mediumtext NOT NULL,
  `expiration` int(11) NOT NULL
) ENGINE=InnoDB DEFAULT CHARSET=utf8mb4 COLLATE=utf8mb4_unicode_ci;

-- --------------------------------------------------------

--
-- Struktur dari tabel `cache_locks`
--

CREATE TABLE `cache_locks` (
  `key` varchar(255) NOT NULL,
  `owner` varchar(255) NOT NULL,
  `expiration` int(11) NOT NULL
) ENGINE=InnoDB DEFAULT CHARSET=utf8mb4 COLLATE=utf8mb4_unicode_ci;

-- --------------------------------------------------------

--
-- Struktur dari tabel `categories`
--

CREATE TABLE `categories` (
  `id` bigint(20) UNSIGNED NOT NULL,
  `name` varchar(255) NOT NULL,
  `slug` varchar(255) NOT NULL,
  `created_at` timestamp NULL DEFAULT NULL,
  `updated_at` timestamp NULL DEFAULT NULL
) ENGINE=InnoDB DEFAULT CHARSET=utf8mb4 COLLATE=utf8mb4_unicode_ci;

--
-- Dumping data untuk tabel `categories`
--

INSERT INTO `categories` (`id`, `name`, `slug`, `created_at`, `updated_at`) VALUES
(1, 'News', 'news', '2026-01-12 15:14:45', '2026-01-12 15:14:45'),
(2, 'Kriminal', 'kriminal', '2026-01-12 15:14:45', '2026-01-12 15:14:45'),
(3, 'Politik', 'politik', '2026-01-12 15:14:45', '2026-01-12 15:14:45'),
(4, 'Olahraga', 'olahraga', '2026-01-12 15:14:45', '2026-01-12 15:14:45'),
(5, 'Budaya', 'budaya', '2026-01-12 15:14:45', '2026-01-12 15:14:45'),
(6, 'Wisata', 'wisata', '2026-01-12 15:14:45', '2026-01-12 15:14:45'),
(7, 'Ekonomi', 'ekonomi', '2026-01-12 15:14:45', '2026-01-12 15:14:45'),
(8, 'Pendidikan', 'pendidikan', '2026-01-12 15:14:45', '2026-01-12 15:14:45'),
(9, 'Kesehatan', 'kesehatan', '2026-01-12 15:14:45', '2026-01-12 15:14:45'),
(10, 'Teknologi', 'teknologi', '2026-01-12 15:14:45', '2026-01-12 15:14:45');

-- --------------------------------------------------------

--
-- Struktur dari tabel `failed_jobs`
--

CREATE TABLE `failed_jobs` (
  `id` bigint(20) UNSIGNED NOT NULL,
  `uuid` varchar(255) NOT NULL,
  `connection` text NOT NULL,
  `queue` text NOT NULL,
  `payload` longtext NOT NULL,
  `exception` longtext NOT NULL,
  `failed_at` timestamp NOT NULL DEFAULT current_timestamp()
) ENGINE=InnoDB DEFAULT CHARSET=utf8mb4 COLLATE=utf8mb4_unicode_ci;

-- --------------------------------------------------------

--
-- Struktur dari tabel `jobs`
--

CREATE TABLE `jobs` (
  `id` bigint(20) UNSIGNED NOT NULL,
  `queue` varchar(255) NOT NULL,
  `payload` longtext NOT NULL,
  `attempts` tinyint(3) UNSIGNED NOT NULL,
  `reserved_at` int(10) UNSIGNED DEFAULT NULL,
  `available_at` int(10) UNSIGNED NOT NULL,
  `created_at` int(10) UNSIGNED NOT NULL
) ENGINE=InnoDB DEFAULT CHARSET=utf8mb4 COLLATE=utf8mb4_unicode_ci;

-- --------------------------------------------------------

--
-- Struktur dari tabel `job_batches`
--

CREATE TABLE `job_batches` (
  `id` varchar(255) NOT NULL,
  `name` varchar(255) NOT NULL,
  `total_jobs` int(11) NOT NULL,
  `pending_jobs` int(11) NOT NULL,
  `failed_jobs` int(11) NOT NULL,
  `failed_job_ids` longtext NOT NULL,
  `options` mediumtext DEFAULT NULL,
  `cancelled_at` int(11) DEFAULT NULL,
  `created_at` int(11) NOT NULL,
  `finished_at` int(11) DEFAULT NULL
) ENGINE=InnoDB DEFAULT CHARSET=utf8mb4 COLLATE=utf8mb4_unicode_ci;

-- --------------------------------------------------------

--
-- Struktur dari tabel `migrations`
--

CREATE TABLE `migrations` (
  `id` int(10) UNSIGNED NOT NULL,
  `migration` varchar(255) NOT NULL,
  `batch` int(11) NOT NULL
) ENGINE=InnoDB DEFAULT CHARSET=utf8mb4 COLLATE=utf8mb4_unicode_ci;

--
-- Dumping data untuk tabel `migrations`
--

INSERT INTO `migrations` (`id`, `migration`, `batch`) VALUES
(1, '0001_01_01_000000_create_users_table', 1),
(2, '0001_01_01_000001_create_cache_table', 1),
(3, '0001_01_01_000002_create_jobs_table', 1),
(4, '2026_01_08_191555_create_categories_table', 1),
(5, '2026_01_08_191556_create_posts_table', 1);

-- --------------------------------------------------------

--
-- Struktur dari tabel `password_reset_tokens`
--

CREATE TABLE `password_reset_tokens` (
  `email` varchar(255) NOT NULL,
  `token` varchar(255) NOT NULL,
  `created_at` timestamp NULL DEFAULT NULL
) ENGINE=InnoDB DEFAULT CHARSET=utf8mb4 COLLATE=utf8mb4_unicode_ci;

-- --------------------------------------------------------

--
-- Struktur dari tabel `posts`
--

CREATE TABLE `posts` (
  `id` bigint(20) UNSIGNED NOT NULL,
  `category_id` bigint(20) UNSIGNED NOT NULL,
  `user_id` bigint(20) UNSIGNED NOT NULL,
  `title` varchar(255) NOT NULL,
  `slug` varchar(255) NOT NULL,
  `excerpt` text NOT NULL,
  `body` longtext NOT NULL,
  `image` varchar(255) DEFAULT NULL,
  `is_headline` tinyint(1) NOT NULL DEFAULT 0,
  `is_editor_choice` tinyint(1) NOT NULL DEFAULT 0,
  `views` int(11) NOT NULL DEFAULT 0,
  `published_at` timestamp NULL DEFAULT NULL,
  `created_at` timestamp NULL DEFAULT NULL,
  `updated_at` timestamp NULL DEFAULT NULL
) ENGINE=InnoDB DEFAULT CHARSET=utf8mb4 COLLATE=utf8mb4_unicode_ci;

--
-- Dumping data untuk tabel `posts`
--

INSERT INTO `posts` (`id`, `category_id`, `user_id`, `title`, `slug`, `excerpt`, `body`, `image`, `is_headline`, `is_editor_choice`, `views`, `published_at`, `created_at`, `updated_at`) VALUES
(1, 4, 1, 'Sirkuit Mandalika Siap Gelar MotoGP 2026', 'sirkuit-mandalika-siap-gelar-motogp-2026-8iiFsd', 'Aktivitas di Sirkuit Internasional Mandalika semakin padat. Truk logistik tim balap mulai berdatangan di Bandara BIZAM....', '<p class=\'lead font-bold\'><strong>MATARAM (Lombok News)</strong> - Sirkuit Mandalika Siap Gelar MotoGP 2026.</p><p class=\'mb-4 text-justify\'>Aktivitas di Sirkuit Internasional Mandalika semakin padat. Truk logistik tim balap mulai berdatangan di Bandara BIZAM. Antusiasme warga lokal sangat tinggi menyambut ribuan wisatawan mancanegara yang diprediksi membanjiri Lombok Tengah.</p><p class=\'mb-4 text-justify\'>Direktur MGPA memastikan kesiapan lintasan sudah 100 persen. Pengecatan kerb dan perbaikan drainase telah rampung. Antusiasme warga lokal sangat tinggi menyambut ribuan wisatawan mancanegara yang diprediksi membanjiri Lombok Tengah.</p><p class=\'mb-4 text-justify\'>Antusiasme warga lokal sangat tinggi menyambut ribuan wisatawan mancanegara yang diprediksi membanjiri Lombok Tengah. Direktur MGPA memastikan kesiapan lintasan sudah 100 persen. Pengecatan kerb dan perbaikan drainase telah rampung.</p><p class=\'mb-4 text-justify\'>Aktivitas di Sirkuit Internasional Mandalika semakin padat. Truk logistik tim balap mulai berdatangan di Bandara BIZAM. Direktur MGPA memastikan kesiapan lintasan sudah 100 persen. Pengecatan kerb dan perbaikan drainase telah rampung.</p><p class=\'mb-4 text-justify\'>Direktur MGPA memastikan kesiapan lintasan sudah 100 persen. Pengecatan kerb dan perbaikan drainase telah rampung. Aktivitas di Sirkuit Internasional Mandalika semakin padat. Truk logistik tim balap mulai berdatangan di Bandara BIZAM.</p><p class=\'mb-4 text-justify\'>Antusiasme warga lokal sangat tinggi menyambut ribuan wisatawan mancanegara yang diprediksi membanjiri Lombok Tengah. Antusiasme warga lokal sangat tinggi menyambut ribuan wisatawan mancanegara yang diprediksi membanjiri Lombok Tengah.</p><h3 class=\'text-xl font-bold mt-6 mb-4\'>Fakta dan Data Lapangan</h3><p class=\'mb-4 text-justify\'>Aktivitas di Sirkuit Internasional Mandalika semakin padat. Truk logistik tim balap mulai berdatangan di Bandara BIZAM. Antusiasme warga lokal sangat tinggi menyambut ribuan wisatawan mancanegara yang diprediksi membanjiri Lombok Tengah.</p><p class=\'mb-4 text-justify\'>Direktur MGPA memastikan kesiapan lintasan sudah 100 persen. Pengecatan kerb dan perbaikan drainase telah rampung. Aktivitas di Sirkuit Internasional Mandalika semakin padat. Truk logistik tim balap mulai berdatangan di Bandara BIZAM.</p><p class=\'mb-4 text-justify\'>Antusiasme warga lokal sangat tinggi menyambut ribuan wisatawan mancanegara yang diprediksi membanjiri Lombok Tengah. Aktivitas di Sirkuit Internasional Mandalika semakin padat. Truk logistik tim balap mulai berdatangan di Bandara BIZAM.</p><p class=\'mt-6 italic text-gray-500\'>Penulis: Tim Redaksi Lombok News (Batch 1)</p>', 'https://picsum.photos/seed/ntb_0_1/800/600', 1, 0, 0, '2026-01-07 01:14:45', '2026-01-12 15:14:45', '2026-01-12 15:14:45'),
(2, 7, 1, 'Harga Cabai di Pasar Mandalika Melonjak Drastis', 'harga-cabai-di-pasar-mandalika-melonjak-drastis-2lmJ4a', 'Ibu rumah tangga di Mataram mengeluhkan kenaikan harga bahan pokok. Cabai rawit kini tembus Rp 90.000 per kilogram....', '<p class=\'lead font-bold\'><strong>MATARAM (Lombok News)</strong> - Harga Cabai di Pasar Mandalika Melonjak Drastis.</p><p class=\'mb-4 text-justify\'>Ibu rumah tangga di Mataram mengeluhkan kenaikan harga bahan pokok. Cabai rawit kini tembus Rp 90.000 per kilogram. Pedagang mengaku omzet menurun karena pembeli mengurangi belanjaan. Stok dari petani menipis akibat cuaca buruk.</p><p class=\'mb-4 text-justify\'>Pedagang mengaku omzet menurun karena pembeli mengurangi belanjaan. Stok dari petani menipis akibat cuaca buruk. Ibu rumah tangga di Mataram mengeluhkan kenaikan harga bahan pokok. Cabai rawit kini tembus Rp 90.000 per kilogram.</p><p class=\'mb-4 text-justify\'>Pemerintah Provinsi NTB berjanji segera menggelar operasi pasar murah untuk menstabilkan harga jelang hari raya. Pemerintah Provinsi NTB berjanji segera menggelar operasi pasar murah untuk menstabilkan harga jelang hari raya.</p><p class=\'mb-4 text-justify\'>Ibu rumah tangga di Mataram mengeluhkan kenaikan harga bahan pokok. Cabai rawit kini tembus Rp 90.000 per kilogram. Ibu rumah tangga di Mataram mengeluhkan kenaikan harga bahan pokok. Cabai rawit kini tembus Rp 90.000 per kilogram.</p><p class=\'mb-4 text-justify\'>Pedagang mengaku omzet menurun karena pembeli mengurangi belanjaan. Stok dari petani menipis akibat cuaca buruk. Ibu rumah tangga di Mataram mengeluhkan kenaikan harga bahan pokok. Cabai rawit kini tembus Rp 90.000 per kilogram.</p><p class=\'mb-4 text-justify\'>Pemerintah Provinsi NTB berjanji segera menggelar operasi pasar murah untuk menstabilkan harga jelang hari raya. Pemerintah Provinsi NTB berjanji segera menggelar operasi pasar murah untuk menstabilkan harga jelang hari raya.</p><h3 class=\'text-xl font-bold mt-6 mb-4\'>Fakta dan Data Lapangan</h3><p class=\'mb-4 text-justify\'>Ibu rumah tangga di Mataram mengeluhkan kenaikan harga bahan pokok. Cabai rawit kini tembus Rp 90.000 per kilogram. Ibu rumah tangga di Mataram mengeluhkan kenaikan harga bahan pokok. Cabai rawit kini tembus Rp 90.000 per kilogram.</p><p class=\'mb-4 text-justify\'>Pedagang mengaku omzet menurun karena pembeli mengurangi belanjaan. Stok dari petani menipis akibat cuaca buruk. Pemerintah Provinsi NTB berjanji segera menggelar operasi pasar murah untuk menstabilkan harga jelang hari raya.</p><p class=\'mb-4 text-justify\'>Pemerintah Provinsi NTB berjanji segera menggelar operasi pasar murah untuk menstabilkan harga jelang hari raya. Pemerintah Provinsi NTB berjanji segera menggelar operasi pasar murah untuk menstabilkan harga jelang hari raya.</p><p class=\'mt-6 italic text-gray-500\'>Penulis: Tim Redaksi Lombok News (Batch 1)</p>', 'https://picsum.photos/seed/ntb_1_1/800/600', 1, 0, 0, '2026-01-09 15:14:45', '2026-01-12 15:14:45', '2026-01-12 15:14:45'),
(3, 2, 1, 'Polres Loteng Gagalkan Penyelundupan Benih Lobster', 'polres-loteng-gagalkan-penyelundupan-benih-lobster-O326jS', 'Tim Opsnal Polres Lombok Tengah berhasil menggagalkan pengiriman 5.000 ekor benih lobster ilegal tujuan luar negeri....', '<p class=\'lead font-bold\'><strong>MATARAM (Lombok News)</strong> - Polres Loteng Gagalkan Penyelundupan Benih Lobster.</p><p class=\'mb-4 text-justify\'>Tim Opsnal Polres Lombok Tengah berhasil menggagalkan pengiriman 5.000 ekor benih lobster ilegal tujuan luar negeri. Tim Opsnal Polres Lombok Tengah berhasil menggagalkan pengiriman 5.000 ekor benih lobster ilegal tujuan luar negeri.</p><p class=\'mb-4 text-justify\'>Pelaku ditangkap di sebuah gudang tersembunyi di Praya Barat. Barang bukti box sterofoam diamankan polisi. Tim Opsnal Polres Lombok Tengah berhasil menggagalkan pengiriman 5.000 ekor benih lobster ilegal tujuan luar negeri.</p><p class=\'mb-4 text-justify\'>Pelaku terancam hukuman penjara 5 tahun sesuai UU Perikanan. Polisi masih memburu otak sindikat ini. Pelaku terancam hukuman penjara 5 tahun sesuai UU Perikanan. Polisi masih memburu otak sindikat ini.</p><p class=\'mb-4 text-justify\'>Tim Opsnal Polres Lombok Tengah berhasil menggagalkan pengiriman 5.000 ekor benih lobster ilegal tujuan luar negeri. Pelaku terancam hukuman penjara 5 tahun sesuai UU Perikanan. Polisi masih memburu otak sindikat ini.</p><p class=\'mb-4 text-justify\'>Pelaku ditangkap di sebuah gudang tersembunyi di Praya Barat. Barang bukti box sterofoam diamankan polisi. Pelaku ditangkap di sebuah gudang tersembunyi di Praya Barat. Barang bukti box sterofoam diamankan polisi.</p><p class=\'mb-4 text-justify\'>Pelaku terancam hukuman penjara 5 tahun sesuai UU Perikanan. Polisi masih memburu otak sindikat ini. Tim Opsnal Polres Lombok Tengah berhasil menggagalkan pengiriman 5.000 ekor benih lobster ilegal tujuan luar negeri.</p><h3 class=\'text-xl font-bold mt-6 mb-4\'>Fakta dan Data Lapangan</h3><p class=\'mb-4 text-justify\'>Tim Opsnal Polres Lombok Tengah berhasil menggagalkan pengiriman 5.000 ekor benih lobster ilegal tujuan luar negeri. Pelaku terancam hukuman penjara 5 tahun sesuai UU Perikanan. Polisi masih memburu otak sindikat ini.</p><p class=\'mb-4 text-justify\'>Pelaku ditangkap di sebuah gudang tersembunyi di Praya Barat. Barang bukti box sterofoam diamankan polisi. Pelaku ditangkap di sebuah gudang tersembunyi di Praya Barat. Barang bukti box sterofoam diamankan polisi.</p><p class=\'mb-4 text-justify\'>Pelaku terancam hukuman penjara 5 tahun sesuai UU Perikanan. Polisi masih memburu otak sindikat ini. Pelaku ditangkap di sebuah gudang tersembunyi di Praya Barat. Barang bukti box sterofoam diamankan polisi.</p><p class=\'mt-6 italic text-gray-500\'>Penulis: Tim Redaksi Lombok News (Batch 1)</p>', 'https://picsum.photos/seed/ntb_2_1/800/600', 1, 0, 0, '2026-01-05 10:14:45', '2026-01-12 15:14:45', '2026-01-12 15:14:45'),
(4, 6, 1, 'Gili Trawangan Dipadati Turis Asing Akhir Pekan Ini', 'gili-trawangan-dipadati-turis-asing-akhir-pekan-ini-saeiI5', 'Pelabuhan Bangsal terlihat padat merayap. Ribuan wisatawan antre menyeberang ke Gili Trawangan sejak pagi buta....', '<p class=\'lead font-bold\'><strong>MATARAM (Lombok News)</strong> - Gili Trawangan Dipadati Turis Asing Akhir Pekan Ini.</p><p class=\'mb-4 text-justify\'>Pelabuhan Bangsal terlihat padat merayap. Ribuan wisatawan antre menyeberang ke Gili Trawangan sejak pagi buta. Wisatawan tampak menikmati snorkeling dan bersepeda. Pihak keamanan desa adat meningkatkan patroli kenyamanan.</p><p class=\'mb-4 text-justify\'>Okupansi hotel dilaporkan mencapai 95 persen. Ini rekor tertinggi pasca pemulihan pariwisata daerah. Okupansi hotel dilaporkan mencapai 95 persen. Ini rekor tertinggi pasca pemulihan pariwisata daerah.</p><p class=\'mb-4 text-justify\'>Wisatawan tampak menikmati snorkeling dan bersepeda. Pihak keamanan desa adat meningkatkan patroli kenyamanan. Pelabuhan Bangsal terlihat padat merayap. Ribuan wisatawan antre menyeberang ke Gili Trawangan sejak pagi buta.</p><p class=\'mb-4 text-justify\'>Pelabuhan Bangsal terlihat padat merayap. Ribuan wisatawan antre menyeberang ke Gili Trawangan sejak pagi buta. Wisatawan tampak menikmati snorkeling dan bersepeda. Pihak keamanan desa adat meningkatkan patroli kenyamanan.</p><p class=\'mb-4 text-justify\'>Okupansi hotel dilaporkan mencapai 95 persen. Ini rekor tertinggi pasca pemulihan pariwisata daerah. Okupansi hotel dilaporkan mencapai 95 persen. Ini rekor tertinggi pasca pemulihan pariwisata daerah.</p><p class=\'mb-4 text-justify\'>Wisatawan tampak menikmati snorkeling dan bersepeda. Pihak keamanan desa adat meningkatkan patroli kenyamanan. Pelabuhan Bangsal terlihat padat merayap. Ribuan wisatawan antre menyeberang ke Gili Trawangan sejak pagi buta.</p><h3 class=\'text-xl font-bold mt-6 mb-4\'>Fakta dan Data Lapangan</h3><p class=\'mb-4 text-justify\'>Pelabuhan Bangsal terlihat padat merayap. Ribuan wisatawan antre menyeberang ke Gili Trawangan sejak pagi buta. Wisatawan tampak menikmati snorkeling dan bersepeda. Pihak keamanan desa adat meningkatkan patroli kenyamanan.</p><p class=\'mb-4 text-justify\'>Okupansi hotel dilaporkan mencapai 95 persen. Ini rekor tertinggi pasca pemulihan pariwisata daerah. Wisatawan tampak menikmati snorkeling dan bersepeda. Pihak keamanan desa adat meningkatkan patroli kenyamanan.</p><p class=\'mb-4 text-justify\'>Wisatawan tampak menikmati snorkeling dan bersepeda. Pihak keamanan desa adat meningkatkan patroli kenyamanan. Wisatawan tampak menikmati snorkeling dan bersepeda. Pihak keamanan desa adat meningkatkan patroli kenyamanan.</p><p class=\'mt-6 italic text-gray-500\'>Penulis: Tim Redaksi Lombok News (Batch 1)</p>', 'https://picsum.photos/seed/ntb_3_1/800/600', 0, 1, 0, '2026-01-10 03:14:45', '2026-01-12 15:14:45', '2026-01-12 15:14:45'),
(5, 8, 1, 'Unram Wisuda 1.500 Sarjana Baru Periode Ini', 'unram-wisuda-1500-sarjana-baru-periode-ini-pYjbzu', 'Universitas Mataram kembali meluluskan ribuan mahasiswa. Rektor berpesan agar alumni siap bersaing di era digital....', '<p class=\'lead font-bold\'><strong>MATARAM (Lombok News)</strong> - Unram Wisuda 1.500 Sarjana Baru Periode Ini.</p><p class=\'mb-4 text-justify\'>Universitas Mataram kembali meluluskan ribuan mahasiswa. Rektor berpesan agar alumni siap bersaing di era digital. Diharapkan lulusan baru ini dapat membuka lapangan kerja sendiri dan tidak hanya bergantung pada lowongan PNS.</p><p class=\'mb-4 text-justify\'>Suasana haru terlihat saat wisudawan terbaik dari Fakultas Pertanian dipanggil ke panggung bersama orang tuanya. Universitas Mataram kembali meluluskan ribuan mahasiswa. Rektor berpesan agar alumni siap bersaing di era digital.</p><p class=\'mb-4 text-justify\'>Diharapkan lulusan baru ini dapat membuka lapangan kerja sendiri dan tidak hanya bergantung pada lowongan PNS. Diharapkan lulusan baru ini dapat membuka lapangan kerja sendiri dan tidak hanya bergantung pada lowongan PNS.</p><p class=\'mb-4 text-justify\'>Universitas Mataram kembali meluluskan ribuan mahasiswa. Rektor berpesan agar alumni siap bersaing di era digital. Suasana haru terlihat saat wisudawan terbaik dari Fakultas Pertanian dipanggil ke panggung bersama orang tuanya.</p><p class=\'mb-4 text-justify\'>Suasana haru terlihat saat wisudawan terbaik dari Fakultas Pertanian dipanggil ke panggung bersama orang tuanya. Universitas Mataram kembali meluluskan ribuan mahasiswa. Rektor berpesan agar alumni siap bersaing di era digital.</p><p class=\'mb-4 text-justify\'>Diharapkan lulusan baru ini dapat membuka lapangan kerja sendiri dan tidak hanya bergantung pada lowongan PNS. Diharapkan lulusan baru ini dapat membuka lapangan kerja sendiri dan tidak hanya bergantung pada lowongan PNS.</p><h3 class=\'text-xl font-bold mt-6 mb-4\'>Fakta dan Data Lapangan</h3><p class=\'mb-4 text-justify\'>Universitas Mataram kembali meluluskan ribuan mahasiswa. Rektor berpesan agar alumni siap bersaing di era digital. Suasana haru terlihat saat wisudawan terbaik dari Fakultas Pertanian dipanggil ke panggung bersama orang tuanya.</p><p class=\'mb-4 text-justify\'>Suasana haru terlihat saat wisudawan terbaik dari Fakultas Pertanian dipanggil ke panggung bersama orang tuanya. Suasana haru terlihat saat wisudawan terbaik dari Fakultas Pertanian dipanggil ke panggung bersama orang tuanya.</p><p class=\'mb-4 text-justify\'>Diharapkan lulusan baru ini dapat membuka lapangan kerja sendiri dan tidak hanya bergantung pada lowongan PNS. Diharapkan lulusan baru ini dapat membuka lapangan kerja sendiri dan tidak hanya bergantung pada lowongan PNS.</p><p class=\'mt-6 italic text-gray-500\'>Penulis: Tim Redaksi Lombok News (Batch 1)</p>', 'https://picsum.photos/seed/ntb_4_1/800/600', 0, 1, 0, '2026-01-07 08:14:45', '2026-01-12 15:14:45', '2026-01-12 15:14:45'),
(6, 5, 1, 'Festival Peresean Digelar Meriah di Taman Budaya', 'festival-peresean-digelar-meriah-di-taman-budaya-KCtxmV', 'Suara gamelan mengiringi pertarungan pepadu di arena Peresean. Ribuan penonton bersorak memberikan semangat....', '<p class=\'lead font-bold\'><strong>MATARAM (Lombok News)</strong> - Festival Peresean Digelar Meriah di Taman Budaya.</p><p class=\'mb-4 text-justify\'>Suara gamelan mengiringi pertarungan pepadu di arena Peresean. Ribuan penonton bersorak memberikan semangat. Suara gamelan mengiringi pertarungan pepadu di arena Peresean. Ribuan penonton bersorak memberikan semangat.</p><p class=\'mb-4 text-justify\'>Tradisi adu ketangkasan ini digelar untuk melestarikan budaya Sasak dan menarik minat wisatawan domestik. Meski bertarung sengit, para pepadu langsung berpelukan usai laga, menjunjung tinggi nilai persaudaraan.</p><p class=\'mb-4 text-justify\'>Meski bertarung sengit, para pepadu langsung berpelukan usai laga, menjunjung tinggi nilai persaudaraan. Suara gamelan mengiringi pertarungan pepadu di arena Peresean. Ribuan penonton bersorak memberikan semangat.</p><p class=\'mb-4 text-justify\'>Suara gamelan mengiringi pertarungan pepadu di arena Peresean. Ribuan penonton bersorak memberikan semangat. Tradisi adu ketangkasan ini digelar untuk melestarikan budaya Sasak dan menarik minat wisatawan domestik.</p><p class=\'mb-4 text-justify\'>Tradisi adu ketangkasan ini digelar untuk melestarikan budaya Sasak dan menarik minat wisatawan domestik. Meski bertarung sengit, para pepadu langsung berpelukan usai laga, menjunjung tinggi nilai persaudaraan.</p><p class=\'mb-4 text-justify\'>Meski bertarung sengit, para pepadu langsung berpelukan usai laga, menjunjung tinggi nilai persaudaraan. Tradisi adu ketangkasan ini digelar untuk melestarikan budaya Sasak dan menarik minat wisatawan domestik.</p><h3 class=\'text-xl font-bold mt-6 mb-4\'>Fakta dan Data Lapangan</h3><p class=\'mb-4 text-justify\'>Suara gamelan mengiringi pertarungan pepadu di arena Peresean. Ribuan penonton bersorak memberikan semangat. Meski bertarung sengit, para pepadu langsung berpelukan usai laga, menjunjung tinggi nilai persaudaraan.</p><p class=\'mb-4 text-justify\'>Tradisi adu ketangkasan ini digelar untuk melestarikan budaya Sasak dan menarik minat wisatawan domestik. Suara gamelan mengiringi pertarungan pepadu di arena Peresean. Ribuan penonton bersorak memberikan semangat.</p><p class=\'mb-4 text-justify\'>Meski bertarung sengit, para pepadu langsung berpelukan usai laga, menjunjung tinggi nilai persaudaraan. Suara gamelan mengiringi pertarungan pepadu di arena Peresean. Ribuan penonton bersorak memberikan semangat.</p><p class=\'mt-6 italic text-gray-500\'>Penulis: Tim Redaksi Lombok News (Batch 1)</p>', 'https://picsum.photos/seed/ntb_5_1/800/600', 0, 1, 0, '2026-01-02 08:14:45', '2026-01-12 15:14:45', '2026-01-12 15:14:45'),
(7, 1, 1, 'Gubernur NTB Resmikan Jembatan Desa Terpencil', 'gubernur-ntb-resmikan-jembatan-desa-terpencil-4bK3dV', 'Warga akhirnya bisa tersenyum lega. Jembatan penghubung desa ke pusat kota resmi dibuka oleh Gubernur hari ini....', '<p class=\'lead font-bold\'><strong>MATARAM (Lombok News)</strong> - Gubernur NTB Resmikan Jembatan Desa Terpencil.</p><p class=\'mb-4 text-justify\'>Warga akhirnya bisa tersenyum lega. Jembatan penghubung desa ke pusat kota resmi dibuka oleh Gubernur hari ini. Pemerintah menegaskan komitmen pemerataan pembangunan infrastruktur hingga ke pelosok tanpa terkecuali.</p><p class=\'mb-4 text-justify\'>Sebelumnya, warga harus menyeberang sungai deras atau memutar 10 km untuk menjual hasil bumi. Sebelumnya, warga harus menyeberang sungai deras atau memutar 10 km untuk menjual hasil bumi.</p><p class=\'mb-4 text-justify\'>Pemerintah menegaskan komitmen pemerataan pembangunan infrastruktur hingga ke pelosok tanpa terkecuali. Warga akhirnya bisa tersenyum lega. Jembatan penghubung desa ke pusat kota resmi dibuka oleh Gubernur hari ini.</p><p class=\'mb-4 text-justify\'>Warga akhirnya bisa tersenyum lega. Jembatan penghubung desa ke pusat kota resmi dibuka oleh Gubernur hari ini. Warga akhirnya bisa tersenyum lega. Jembatan penghubung desa ke pusat kota resmi dibuka oleh Gubernur hari ini.</p><p class=\'mb-4 text-justify\'>Sebelumnya, warga harus menyeberang sungai deras atau memutar 10 km untuk menjual hasil bumi. Pemerintah menegaskan komitmen pemerataan pembangunan infrastruktur hingga ke pelosok tanpa terkecuali.</p><p class=\'mb-4 text-justify\'>Pemerintah menegaskan komitmen pemerataan pembangunan infrastruktur hingga ke pelosok tanpa terkecuali. Warga akhirnya bisa tersenyum lega. Jembatan penghubung desa ke pusat kota resmi dibuka oleh Gubernur hari ini.</p><h3 class=\'text-xl font-bold mt-6 mb-4\'>Fakta dan Data Lapangan</h3><p class=\'mb-4 text-justify\'>Warga akhirnya bisa tersenyum lega. Jembatan penghubung desa ke pusat kota resmi dibuka oleh Gubernur hari ini. Warga akhirnya bisa tersenyum lega. Jembatan penghubung desa ke pusat kota resmi dibuka oleh Gubernur hari ini.</p><p class=\'mb-4 text-justify\'>Sebelumnya, warga harus menyeberang sungai deras atau memutar 10 km untuk menjual hasil bumi. Pemerintah menegaskan komitmen pemerataan pembangunan infrastruktur hingga ke pelosok tanpa terkecuali.</p><p class=\'mb-4 text-justify\'>Pemerintah menegaskan komitmen pemerataan pembangunan infrastruktur hingga ke pelosok tanpa terkecuali. Warga akhirnya bisa tersenyum lega. Jembatan penghubung desa ke pusat kota resmi dibuka oleh Gubernur hari ini.</p><p class=\'mt-6 italic text-gray-500\'>Penulis: Tim Redaksi Lombok News (Batch 1)</p>', 'https://picsum.photos/seed/ntb_6_1/800/600', 0, 1, 0, '2026-01-02 16:14:45', '2026-01-12 15:14:45', '2026-01-12 15:14:45'),
(8, 1, 1, 'Car Free Day Udayana Kembali Ramai Pengunjung', 'car-free-day-udayana-kembali-ramai-pengunjung-n8n9Vx', 'Jalan Udayana Mataram berubah menjadi lautan manusia. Warga antusias berolahraga pagi menikmati udara segar....', '<p class=\'lead font-bold\'><strong>MATARAM (Lombok News)</strong> - Car Free Day Udayana Kembali Ramai Pengunjung.</p><p class=\'mb-4 text-justify\'>Jalan Udayana Mataram berubah menjadi lautan manusia. Warga antusias berolahraga pagi menikmati udara segar. Pedagang kuliner lokal laris manis. Sate bulayak dan pelecing kangkung menjadi primadona sarapan warga.</p><p class=\'mb-4 text-justify\'>Pedagang kuliner lokal laris manis. Sate bulayak dan pelecing kangkung menjadi primadona sarapan warga. Pedagang kuliner lokal laris manis. Sate bulayak dan pelecing kangkung menjadi primadona sarapan warga.</p><p class=\'mb-4 text-justify\'>Dishub menutup akses kendaraan total selama 3 jam untuk menjamin keamanan pejalan kaki dan pesepeda. Jalan Udayana Mataram berubah menjadi lautan manusia. Warga antusias berolahraga pagi menikmati udara segar.</p><p class=\'mb-4 text-justify\'>Jalan Udayana Mataram berubah menjadi lautan manusia. Warga antusias berolahraga pagi menikmati udara segar. Jalan Udayana Mataram berubah menjadi lautan manusia. Warga antusias berolahraga pagi menikmati udara segar.</p><p class=\'mb-4 text-justify\'>Pedagang kuliner lokal laris manis. Sate bulayak dan pelecing kangkung menjadi primadona sarapan warga. Dishub menutup akses kendaraan total selama 3 jam untuk menjamin keamanan pejalan kaki dan pesepeda.</p><p class=\'mb-4 text-justify\'>Dishub menutup akses kendaraan total selama 3 jam untuk menjamin keamanan pejalan kaki dan pesepeda. Jalan Udayana Mataram berubah menjadi lautan manusia. Warga antusias berolahraga pagi menikmati udara segar.</p><h3 class=\'text-xl font-bold mt-6 mb-4\'>Fakta dan Data Lapangan</h3><p class=\'mb-4 text-justify\'>Jalan Udayana Mataram berubah menjadi lautan manusia. Warga antusias berolahraga pagi menikmati udara segar. Pedagang kuliner lokal laris manis. Sate bulayak dan pelecing kangkung menjadi primadona sarapan warga.</p><p class=\'mb-4 text-justify\'>Pedagang kuliner lokal laris manis. Sate bulayak dan pelecing kangkung menjadi primadona sarapan warga. Dishub menutup akses kendaraan total selama 3 jam untuk menjamin keamanan pejalan kaki dan pesepeda.</p><p class=\'mb-4 text-justify\'>Dishub menutup akses kendaraan total selama 3 jam untuk menjamin keamanan pejalan kaki dan pesepeda. Pedagang kuliner lokal laris manis. Sate bulayak dan pelecing kangkung menjadi primadona sarapan warga.</p><p class=\'mt-6 italic text-gray-500\'>Penulis: Tim Redaksi Lombok News (Batch 1)</p>', 'https://picsum.photos/seed/ntb_7_1/800/600', 0, 1, 0, '2026-01-11 12:14:45', '2026-01-12 15:14:45', '2026-01-12 15:14:45'),
(9, 3, 1, 'DPRD Soroti Jalan Rusak di Kawasan Sekotong', 'dprd-soroti-jalan-rusak-di-kawasan-sekotong-yDv84A', 'Komisi IV DPRD NTB melakukan sidak ke Lombok Barat menyusul laporan warga tentang jalan berlubang....', '<p class=\'lead font-bold\'><strong>MATARAM (Lombok News)</strong> - DPRD Soroti Jalan Rusak di Kawasan Sekotong.</p><p class=\'mb-4 text-justify\'>Komisi IV DPRD NTB melakukan sidak ke Lombok Barat menyusul laporan warga tentang jalan berlubang. Komisi IV DPRD NTB melakukan sidak ke Lombok Barat menyusul laporan warga tentang jalan berlubang.</p><p class=\'mb-4 text-justify\'>Dewan mendesak Dinas PUPR segera melakukan perbaikan sebelum jatuh korban jiwa, apalagi ini jalur wisata. Warga mengancam akan menanam pohon pisang di tengah jalan jika perbaikan tidak segera dilakukan.</p><p class=\'mb-4 text-justify\'>Warga mengancam akan menanam pohon pisang di tengah jalan jika perbaikan tidak segera dilakukan. Dewan mendesak Dinas PUPR segera melakukan perbaikan sebelum jatuh korban jiwa, apalagi ini jalur wisata.</p><p class=\'mb-4 text-justify\'>Komisi IV DPRD NTB melakukan sidak ke Lombok Barat menyusul laporan warga tentang jalan berlubang. Komisi IV DPRD NTB melakukan sidak ke Lombok Barat menyusul laporan warga tentang jalan berlubang.</p><p class=\'mb-4 text-justify\'>Dewan mendesak Dinas PUPR segera melakukan perbaikan sebelum jatuh korban jiwa, apalagi ini jalur wisata. Dewan mendesak Dinas PUPR segera melakukan perbaikan sebelum jatuh korban jiwa, apalagi ini jalur wisata.</p><p class=\'mb-4 text-justify\'>Warga mengancam akan menanam pohon pisang di tengah jalan jika perbaikan tidak segera dilakukan. Dewan mendesak Dinas PUPR segera melakukan perbaikan sebelum jatuh korban jiwa, apalagi ini jalur wisata.</p><h3 class=\'text-xl font-bold mt-6 mb-4\'>Fakta dan Data Lapangan</h3><p class=\'mb-4 text-justify\'>Komisi IV DPRD NTB melakukan sidak ke Lombok Barat menyusul laporan warga tentang jalan berlubang. Komisi IV DPRD NTB melakukan sidak ke Lombok Barat menyusul laporan warga tentang jalan berlubang.</p><p class=\'mb-4 text-justify\'>Dewan mendesak Dinas PUPR segera melakukan perbaikan sebelum jatuh korban jiwa, apalagi ini jalur wisata. Komisi IV DPRD NTB melakukan sidak ke Lombok Barat menyusul laporan warga tentang jalan berlubang.</p><p class=\'mb-4 text-justify\'>Warga mengancam akan menanam pohon pisang di tengah jalan jika perbaikan tidak segera dilakukan. Komisi IV DPRD NTB melakukan sidak ke Lombok Barat menyusul laporan warga tentang jalan berlubang.</p><p class=\'mt-6 italic text-gray-500\'>Penulis: Tim Redaksi Lombok News (Batch 1)</p>', 'https://picsum.photos/seed/ntb_8_1/800/600', 0, 0, 0, '2026-01-06 20:14:45', '2026-01-12 15:14:45', '2026-01-12 15:14:45'),
(10, 2, 1, 'Razia Knalpot Brong di Mataram, Puluhan Motor Diamankan', 'razia-knalpot-brong-di-mataram-puluhan-motor-diamankan-WKom3r', 'Satlantas Polresta Mataram menggelar razia balap liar dan knalpot bising yang meresahkan warga saat malam hari....', '<p class=\'lead font-bold\'><strong>MATARAM (Lombok News)</strong> - Razia Knalpot Brong di Mataram, Puluhan Motor Diamankan.</p><p class=\'mb-4 text-justify\'>Satlantas Polresta Mataram menggelar razia balap liar dan knalpot bising yang meresahkan warga saat malam hari. Satlantas Polresta Mataram menggelar razia balap liar dan knalpot bising yang meresahkan warga saat malam hari.</p><p class=\'mb-4 text-justify\'>Puluhan remaja terjaring razia. Mereka diwajibkan mengganti knalpot standar dan memusnahkan knalpot brong sendiri. Satlantas Polresta Mataram menggelar razia balap liar dan knalpot bising yang meresahkan warga saat malam hari.</p><p class=\'mb-4 text-justify\'>Polisi menegaskan tidak ada toleransi bagi pelanggar ketertiban umum di jalan raya. Polisi menegaskan tidak ada toleransi bagi pelanggar ketertiban umum di jalan raya.</p><p class=\'mb-4 text-justify\'>Satlantas Polresta Mataram menggelar razia balap liar dan knalpot bising yang meresahkan warga saat malam hari. Satlantas Polresta Mataram menggelar razia balap liar dan knalpot bising yang meresahkan warga saat malam hari.</p><p class=\'mb-4 text-justify\'>Puluhan remaja terjaring razia. Mereka diwajibkan mengganti knalpot standar dan memusnahkan knalpot brong sendiri. Puluhan remaja terjaring razia. Mereka diwajibkan mengganti knalpot standar dan memusnahkan knalpot brong sendiri.</p><p class=\'mb-4 text-justify\'>Polisi menegaskan tidak ada toleransi bagi pelanggar ketertiban umum di jalan raya. Satlantas Polresta Mataram menggelar razia balap liar dan knalpot bising yang meresahkan warga saat malam hari.</p><h3 class=\'text-xl font-bold mt-6 mb-4\'>Fakta dan Data Lapangan</h3><p class=\'mb-4 text-justify\'>Satlantas Polresta Mataram menggelar razia balap liar dan knalpot bising yang meresahkan warga saat malam hari. Satlantas Polresta Mataram menggelar razia balap liar dan knalpot bising yang meresahkan warga saat malam hari.</p><p class=\'mb-4 text-justify\'>Puluhan remaja terjaring razia. Mereka diwajibkan mengganti knalpot standar dan memusnahkan knalpot brong sendiri. Polisi menegaskan tidak ada toleransi bagi pelanggar ketertiban umum di jalan raya.</p><p class=\'mb-4 text-justify\'>Polisi menegaskan tidak ada toleransi bagi pelanggar ketertiban umum di jalan raya. Puluhan remaja terjaring razia. Mereka diwajibkan mengganti knalpot standar dan memusnahkan knalpot brong sendiri.</p><p class=\'mt-6 italic text-gray-500\'>Penulis: Tim Redaksi Lombok News (Batch 1)</p>', 'https://picsum.photos/seed/ntb_9_1/800/600', 0, 0, 0, '2026-01-03 17:14:45', '2026-01-12 15:14:45', '2026-01-12 15:14:45'),
(11, 10, 1, 'Anak Muda Lombok Ciptakan Aplikasi E-Commerce Lokal', 'anak-muda-lombok-ciptakan-aplikasi-e-commerce-lokal-yl0KLx', 'Sekelompok mahasiswa STMIK di Mataram meluncurkan startup baru yang fokus memasarkan produk UMKM NTB....', '<p class=\'lead font-bold\'><strong>MATARAM (Lombok News)</strong> - Anak Muda Lombok Ciptakan Aplikasi E-Commerce Lokal.</p><p class=\'mb-4 text-justify\'>Sekelompok mahasiswa STMIK di Mataram meluncurkan startup baru yang fokus memasarkan produk UMKM NTB. Dinas Perindustrian memberikan apresiasi dan janji pendampingan inkubasi bisnis bagi startup lokal ini.</p><p class=\'mb-4 text-justify\'>Aplikasi ini diharapkan membantu pengrajin tenun dan mutiara menjangkau pasar internasional dengan mudah. Aplikasi ini diharapkan membantu pengrajin tenun dan mutiara menjangkau pasar internasional dengan mudah.</p><p class=\'mb-4 text-justify\'>Dinas Perindustrian memberikan apresiasi dan janji pendampingan inkubasi bisnis bagi startup lokal ini. Dinas Perindustrian memberikan apresiasi dan janji pendampingan inkubasi bisnis bagi startup lokal ini.</p><p class=\'mb-4 text-justify\'>Sekelompok mahasiswa STMIK di Mataram meluncurkan startup baru yang fokus memasarkan produk UMKM NTB. Dinas Perindustrian memberikan apresiasi dan janji pendampingan inkubasi bisnis bagi startup lokal ini.</p><p class=\'mb-4 text-justify\'>Aplikasi ini diharapkan membantu pengrajin tenun dan mutiara menjangkau pasar internasional dengan mudah. Aplikasi ini diharapkan membantu pengrajin tenun dan mutiara menjangkau pasar internasional dengan mudah.</p><p class=\'mb-4 text-justify\'>Dinas Perindustrian memberikan apresiasi dan janji pendampingan inkubasi bisnis bagi startup lokal ini. Aplikasi ini diharapkan membantu pengrajin tenun dan mutiara menjangkau pasar internasional dengan mudah.</p><h3 class=\'text-xl font-bold mt-6 mb-4\'>Fakta dan Data Lapangan</h3><p class=\'mb-4 text-justify\'>Sekelompok mahasiswa STMIK di Mataram meluncurkan startup baru yang fokus memasarkan produk UMKM NTB. Sekelompok mahasiswa STMIK di Mataram meluncurkan startup baru yang fokus memasarkan produk UMKM NTB.</p><p class=\'mb-4 text-justify\'>Aplikasi ini diharapkan membantu pengrajin tenun dan mutiara menjangkau pasar internasional dengan mudah. Aplikasi ini diharapkan membantu pengrajin tenun dan mutiara menjangkau pasar internasional dengan mudah.</p><p class=\'mb-4 text-justify\'>Dinas Perindustrian memberikan apresiasi dan janji pendampingan inkubasi bisnis bagi startup lokal ini. Dinas Perindustrian memberikan apresiasi dan janji pendampingan inkubasi bisnis bagi startup lokal ini.</p><p class=\'mt-6 italic text-gray-500\'>Penulis: Tim Redaksi Lombok News (Batch 1)</p>', 'https://picsum.photos/seed/ntb_10_1/800/600', 0, 0, 0, '2026-01-05 16:14:45', '2026-01-12 15:14:45', '2026-01-12 15:14:45'),
(12, 9, 1, 'RSUD Provinsi NTB Tambah Fasilitas Operasi Jantung', 'rsud-provinsi-ntb-tambah-fasilitas-operasi-jantung-Fn92T8', 'Kabar gembira bagi warga NTB. RSUD Provinsi kini memiliki alat canggih untuk operasi pasang ring jantung....', '<p class=\'lead font-bold\'><strong>MATARAM (Lombok News)</strong> - RSUD Provinsi NTB Tambah Fasilitas Operasi Jantung.</p><p class=\'mb-4 text-justify\'>Kabar gembira bagi warga NTB. RSUD Provinsi kini memiliki alat canggih untuk operasi pasang ring jantung. Pasien tidak perlu lagi dirujuk ke Bali atau Jawa, sehingga biaya pengobatan bisa lebih hemat.</p><p class=\'mb-4 text-justify\'>Pasien tidak perlu lagi dirujuk ke Bali atau Jawa, sehingga biaya pengobatan bisa lebih hemat. Kabar gembira bagi warga NTB. RSUD Provinsi kini memiliki alat canggih untuk operasi pasang ring jantung.</p><p class=\'mb-4 text-justify\'>Gubernur berharap peningkatan layanan ini diimbangi dengan keramahan tenaga medis kepada pasien. Gubernur berharap peningkatan layanan ini diimbangi dengan keramahan tenaga medis kepada pasien.</p><p class=\'mb-4 text-justify\'>Kabar gembira bagi warga NTB. RSUD Provinsi kini memiliki alat canggih untuk operasi pasang ring jantung. Kabar gembira bagi warga NTB. RSUD Provinsi kini memiliki alat canggih untuk operasi pasang ring jantung.</p><p class=\'mb-4 text-justify\'>Pasien tidak perlu lagi dirujuk ke Bali atau Jawa, sehingga biaya pengobatan bisa lebih hemat. Gubernur berharap peningkatan layanan ini diimbangi dengan keramahan tenaga medis kepada pasien.</p><p class=\'mb-4 text-justify\'>Gubernur berharap peningkatan layanan ini diimbangi dengan keramahan tenaga medis kepada pasien. Pasien tidak perlu lagi dirujuk ke Bali atau Jawa, sehingga biaya pengobatan bisa lebih hemat.</p><h3 class=\'text-xl font-bold mt-6 mb-4\'>Fakta dan Data Lapangan</h3><p class=\'mb-4 text-justify\'>Kabar gembira bagi warga NTB. RSUD Provinsi kini memiliki alat canggih untuk operasi pasang ring jantung. Gubernur berharap peningkatan layanan ini diimbangi dengan keramahan tenaga medis kepada pasien.</p><p class=\'mb-4 text-justify\'>Pasien tidak perlu lagi dirujuk ke Bali atau Jawa, sehingga biaya pengobatan bisa lebih hemat. Pasien tidak perlu lagi dirujuk ke Bali atau Jawa, sehingga biaya pengobatan bisa lebih hemat.</p><p class=\'mb-4 text-justify\'>Gubernur berharap peningkatan layanan ini diimbangi dengan keramahan tenaga medis kepada pasien. Pasien tidak perlu lagi dirujuk ke Bali atau Jawa, sehingga biaya pengobatan bisa lebih hemat.</p><p class=\'mt-6 italic text-gray-500\'>Penulis: Tim Redaksi Lombok News (Batch 1)</p>', 'https://picsum.photos/seed/ntb_11_1/800/600', 0, 0, 0, '2026-01-11 00:14:45', '2026-01-12 15:14:45', '2026-01-12 15:14:45'),
(13, 6, 1, 'Pesona Bukit Merese Jadi Spot Sunset Terbaik', 'pesona-bukit-merese-jadi-spot-sunset-terbaik-8di5Uu', 'Bukit Merese di Kuta Mandalika tak pernah sepi pengunjung jelang sore hari. Pemandangan laut lepas memukau mata....', '<p class=\'lead font-bold\'><strong>MATARAM (Lombok News)</strong> - Pesona Bukit Merese Jadi Spot Sunset Terbaik.</p><p class=\'mb-4 text-justify\'>Bukit Merese di Kuta Mandalika tak pernah sepi pengunjung jelang sore hari. Pemandangan laut lepas memukau mata. Bukit Merese di Kuta Mandalika tak pernah sepi pengunjung jelang sore hari. Pemandangan laut lepas memukau mata.</p><p class=\'mb-4 text-justify\'>Banyak konten kreator menjadikan lokasi ini sebagai latar video estetik mereka. Banyak konten kreator menjadikan lokasi ini sebagai latar video estetik mereka.</p><p class=\'mb-4 text-justify\'>Pengelola parkir menghimbau pengunjung tetap menjaga kebersihan dan tidak membuang sampah plastik sembarangan. Pengelola parkir menghimbau pengunjung tetap menjaga kebersihan dan tidak membuang sampah plastik sembarangan.</p><p class=\'mb-4 text-justify\'>Bukit Merese di Kuta Mandalika tak pernah sepi pengunjung jelang sore hari. Pemandangan laut lepas memukau mata. Banyak konten kreator menjadikan lokasi ini sebagai latar video estetik mereka.</p><p class=\'mb-4 text-justify\'>Banyak konten kreator menjadikan lokasi ini sebagai latar video estetik mereka. Pengelola parkir menghimbau pengunjung tetap menjaga kebersihan dan tidak membuang sampah plastik sembarangan.</p><p class=\'mb-4 text-justify\'>Pengelola parkir menghimbau pengunjung tetap menjaga kebersihan dan tidak membuang sampah plastik sembarangan. Pengelola parkir menghimbau pengunjung tetap menjaga kebersihan dan tidak membuang sampah plastik sembarangan.</p><h3 class=\'text-xl font-bold mt-6 mb-4\'>Fakta dan Data Lapangan</h3><p class=\'mb-4 text-justify\'>Bukit Merese di Kuta Mandalika tak pernah sepi pengunjung jelang sore hari. Pemandangan laut lepas memukau mata. Bukit Merese di Kuta Mandalika tak pernah sepi pengunjung jelang sore hari. Pemandangan laut lepas memukau mata.</p><p class=\'mb-4 text-justify\'>Banyak konten kreator menjadikan lokasi ini sebagai latar video estetik mereka. Pengelola parkir menghimbau pengunjung tetap menjaga kebersihan dan tidak membuang sampah plastik sembarangan.</p><p class=\'mb-4 text-justify\'>Pengelola parkir menghimbau pengunjung tetap menjaga kebersihan dan tidak membuang sampah plastik sembarangan. Pengelola parkir menghimbau pengunjung tetap menjaga kebersihan dan tidak membuang sampah plastik sembarangan.</p><p class=\'mt-6 italic text-gray-500\'>Penulis: Tim Redaksi Lombok News (Batch 1)</p>', 'https://picsum.photos/seed/ntb_12_1/800/600', 0, 0, 0, '2026-01-01 11:14:45', '2026-01-12 15:14:45', '2026-01-12 15:14:45'),
(14, 7, 1, 'Ekspor Manggis Lombok Tembus Pasar China', 'ekspor-manggis-lombok-tembus-pasar-china-saKfxm', 'Petani manggis di Narmada sumringah. Hasil panen mereka tahun ini berhasil diekspor langsung ke Tiongkok....', '<p class=\'lead font-bold\'><strong>MATARAM (Lombok News)</strong> - Ekspor Manggis Lombok Tembus Pasar China.</p><p class=\'mb-4 text-justify\'>Petani manggis di Narmada sumringah. Hasil panen mereka tahun ini berhasil diekspor langsung ke Tiongkok. Kualitas buah lokal dinilai sangat kompetitif. Dinas Pertanian terus melakukan pendampingan SOP pasca panen.</p><p class=\'mb-4 text-justify\'>Kualitas buah lokal dinilai sangat kompetitif. Dinas Pertanian terus melakukan pendampingan SOP pasca panen. Petani manggis di Narmada sumringah. Hasil panen mereka tahun ini berhasil diekspor langsung ke Tiongkok.</p><p class=\'mb-4 text-justify\'>Nilai transaksi ekspor ini mencapai miliaran rupiah, mendongkrak devisa daerah secara signifikan. Petani manggis di Narmada sumringah. Hasil panen mereka tahun ini berhasil diekspor langsung ke Tiongkok.</p><p class=\'mb-4 text-justify\'>Petani manggis di Narmada sumringah. Hasil panen mereka tahun ini berhasil diekspor langsung ke Tiongkok. Petani manggis di Narmada sumringah. Hasil panen mereka tahun ini berhasil diekspor langsung ke Tiongkok.</p><p class=\'mb-4 text-justify\'>Kualitas buah lokal dinilai sangat kompetitif. Dinas Pertanian terus melakukan pendampingan SOP pasca panen. Nilai transaksi ekspor ini mencapai miliaran rupiah, mendongkrak devisa daerah secara signifikan.</p><p class=\'mb-4 text-justify\'>Nilai transaksi ekspor ini mencapai miliaran rupiah, mendongkrak devisa daerah secara signifikan. Kualitas buah lokal dinilai sangat kompetitif. Dinas Pertanian terus melakukan pendampingan SOP pasca panen.</p><h3 class=\'text-xl font-bold mt-6 mb-4\'>Fakta dan Data Lapangan</h3><p class=\'mb-4 text-justify\'>Petani manggis di Narmada sumringah. Hasil panen mereka tahun ini berhasil diekspor langsung ke Tiongkok. Nilai transaksi ekspor ini mencapai miliaran rupiah, mendongkrak devisa daerah secara signifikan.</p><p class=\'mb-4 text-justify\'>Kualitas buah lokal dinilai sangat kompetitif. Dinas Pertanian terus melakukan pendampingan SOP pasca panen. Petani manggis di Narmada sumringah. Hasil panen mereka tahun ini berhasil diekspor langsung ke Tiongkok.</p><p class=\'mb-4 text-justify\'>Nilai transaksi ekspor ini mencapai miliaran rupiah, mendongkrak devisa daerah secara signifikan. Petani manggis di Narmada sumringah. Hasil panen mereka tahun ini berhasil diekspor langsung ke Tiongkok.</p><p class=\'mt-6 italic text-gray-500\'>Penulis: Tim Redaksi Lombok News (Batch 1)</p>', 'https://picsum.photos/seed/ntb_13_1/800/600', 0, 0, 0, '2026-01-01 09:14:45', '2026-01-12 15:14:45', '2026-01-12 15:14:45'),
(15, 4, 1, 'Sirkuit Mandalika Siap Gelar MotoGP 2026 - Update Terkini', 'sirkuit-mandalika-siap-gelar-motogp-2026-update-terkini-h05Rvd', 'Aktivitas di Sirkuit Internasional Mandalika semakin padat. Truk logistik tim balap mulai berdatangan di Bandara BIZAM....', '<p class=\'lead font-bold\'><strong>MATARAM (Lombok News)</strong> - Sirkuit Mandalika Siap Gelar MotoGP 2026 - Update Terkini.</p><p class=\'mb-4 text-justify\'>Aktivitas di Sirkuit Internasional Mandalika semakin padat. Truk logistik tim balap mulai berdatangan di Bandara BIZAM. Aktivitas di Sirkuit Internasional Mandalika semakin padat. Truk logistik tim balap mulai berdatangan di Bandara BIZAM.</p><p class=\'mb-4 text-justify\'>Direktur MGPA memastikan kesiapan lintasan sudah 100 persen. Pengecatan kerb dan perbaikan drainase telah rampung. Aktivitas di Sirkuit Internasional Mandalika semakin padat. Truk logistik tim balap mulai berdatangan di Bandara BIZAM.</p><p class=\'mb-4 text-justify\'>Antusiasme warga lokal sangat tinggi menyambut ribuan wisatawan mancanegara yang diprediksi membanjiri Lombok Tengah. Direktur MGPA memastikan kesiapan lintasan sudah 100 persen. Pengecatan kerb dan perbaikan drainase telah rampung.</p><p class=\'mb-4 text-justify\'>Aktivitas di Sirkuit Internasional Mandalika semakin padat. Truk logistik tim balap mulai berdatangan di Bandara BIZAM. Direktur MGPA memastikan kesiapan lintasan sudah 100 persen. Pengecatan kerb dan perbaikan drainase telah rampung.</p><p class=\'mb-4 text-justify\'>Direktur MGPA memastikan kesiapan lintasan sudah 100 persen. Pengecatan kerb dan perbaikan drainase telah rampung. Antusiasme warga lokal sangat tinggi menyambut ribuan wisatawan mancanegara yang diprediksi membanjiri Lombok Tengah.</p><p class=\'mb-4 text-justify\'>Antusiasme warga lokal sangat tinggi menyambut ribuan wisatawan mancanegara yang diprediksi membanjiri Lombok Tengah. Antusiasme warga lokal sangat tinggi menyambut ribuan wisatawan mancanegara yang diprediksi membanjiri Lombok Tengah.</p><h3 class=\'text-xl font-bold mt-6 mb-4\'>Fakta dan Data Lapangan</h3><p class=\'mb-4 text-justify\'>Aktivitas di Sirkuit Internasional Mandalika semakin padat. Truk logistik tim balap mulai berdatangan di Bandara BIZAM. Aktivitas di Sirkuit Internasional Mandalika semakin padat. Truk logistik tim balap mulai berdatangan di Bandara BIZAM.</p><p class=\'mb-4 text-justify\'>Direktur MGPA memastikan kesiapan lintasan sudah 100 persen. Pengecatan kerb dan perbaikan drainase telah rampung. Antusiasme warga lokal sangat tinggi menyambut ribuan wisatawan mancanegara yang diprediksi membanjiri Lombok Tengah.</p><p class=\'mb-4 text-justify\'>Antusiasme warga lokal sangat tinggi menyambut ribuan wisatawan mancanegara yang diprediksi membanjiri Lombok Tengah. Antusiasme warga lokal sangat tinggi menyambut ribuan wisatawan mancanegara yang diprediksi membanjiri Lombok Tengah.</p><p class=\'mt-6 italic text-gray-500\'>Penulis: Tim Redaksi Lombok News (Batch 2)</p>', 'https://picsum.photos/seed/ntb_0_2/800/600', 0, 0, 0, '2026-01-04 21:14:45', '2026-01-12 15:14:45', '2026-01-12 15:14:45'),
(16, 7, 1, 'Harga Cabai di Pasar Mandalika Melonjak Drastis - Update Terkini', 'harga-cabai-di-pasar-mandalika-melonjak-drastis-update-terkini-6iz13u', 'Ibu rumah tangga di Mataram mengeluhkan kenaikan harga bahan pokok. Cabai rawit kini tembus Rp 90.000 per kilogram....', '<p class=\'lead font-bold\'><strong>MATARAM (Lombok News)</strong> - Harga Cabai di Pasar Mandalika Melonjak Drastis - Update Terkini.</p><p class=\'mb-4 text-justify\'>Ibu rumah tangga di Mataram mengeluhkan kenaikan harga bahan pokok. Cabai rawit kini tembus Rp 90.000 per kilogram. Ibu rumah tangga di Mataram mengeluhkan kenaikan harga bahan pokok. Cabai rawit kini tembus Rp 90.000 per kilogram.</p><p class=\'mb-4 text-justify\'>Pedagang mengaku omzet menurun karena pembeli mengurangi belanjaan. Stok dari petani menipis akibat cuaca buruk. Ibu rumah tangga di Mataram mengeluhkan kenaikan harga bahan pokok. Cabai rawit kini tembus Rp 90.000 per kilogram.</p><p class=\'mb-4 text-justify\'>Pemerintah Provinsi NTB berjanji segera menggelar operasi pasar murah untuk menstabilkan harga jelang hari raya. Ibu rumah tangga di Mataram mengeluhkan kenaikan harga bahan pokok. Cabai rawit kini tembus Rp 90.000 per kilogram.</p><p class=\'mb-4 text-justify\'>Ibu rumah tangga di Mataram mengeluhkan kenaikan harga bahan pokok. Cabai rawit kini tembus Rp 90.000 per kilogram. Pemerintah Provinsi NTB berjanji segera menggelar operasi pasar murah untuk menstabilkan harga jelang hari raya.</p><p class=\'mb-4 text-justify\'>Pedagang mengaku omzet menurun karena pembeli mengurangi belanjaan. Stok dari petani menipis akibat cuaca buruk. Pemerintah Provinsi NTB berjanji segera menggelar operasi pasar murah untuk menstabilkan harga jelang hari raya.</p><p class=\'mb-4 text-justify\'>Pemerintah Provinsi NTB berjanji segera menggelar operasi pasar murah untuk menstabilkan harga jelang hari raya. Pemerintah Provinsi NTB berjanji segera menggelar operasi pasar murah untuk menstabilkan harga jelang hari raya.</p><h3 class=\'text-xl font-bold mt-6 mb-4\'>Fakta dan Data Lapangan</h3><p class=\'mb-4 text-justify\'>Ibu rumah tangga di Mataram mengeluhkan kenaikan harga bahan pokok. Cabai rawit kini tembus Rp 90.000 per kilogram. Ibu rumah tangga di Mataram mengeluhkan kenaikan harga bahan pokok. Cabai rawit kini tembus Rp 90.000 per kilogram.</p><p class=\'mb-4 text-justify\'>Pedagang mengaku omzet menurun karena pembeli mengurangi belanjaan. Stok dari petani menipis akibat cuaca buruk. Ibu rumah tangga di Mataram mengeluhkan kenaikan harga bahan pokok. Cabai rawit kini tembus Rp 90.000 per kilogram.</p><p class=\'mb-4 text-justify\'>Pemerintah Provinsi NTB berjanji segera menggelar operasi pasar murah untuk menstabilkan harga jelang hari raya. Ibu rumah tangga di Mataram mengeluhkan kenaikan harga bahan pokok. Cabai rawit kini tembus Rp 90.000 per kilogram.</p><p class=\'mt-6 italic text-gray-500\'>Penulis: Tim Redaksi Lombok News (Batch 2)</p>', 'https://picsum.photos/seed/ntb_1_2/800/600', 0, 0, 0, '2026-01-08 04:14:45', '2026-01-12 15:14:45', '2026-01-12 15:14:45'),
(17, 2, 1, 'Polres Loteng Gagalkan Penyelundupan Benih Lobster - Update Terkini', 'polres-loteng-gagalkan-penyelundupan-benih-lobster-update-terkini-GND1Ri', 'Tim Opsnal Polres Lombok Tengah berhasil menggagalkan pengiriman 5.000 ekor benih lobster ilegal tujuan luar negeri....', '<p class=\'lead font-bold\'><strong>MATARAM (Lombok News)</strong> - Polres Loteng Gagalkan Penyelundupan Benih Lobster - Update Terkini.</p><p class=\'mb-4 text-justify\'>Tim Opsnal Polres Lombok Tengah berhasil menggagalkan pengiriman 5.000 ekor benih lobster ilegal tujuan luar negeri. Pelaku terancam hukuman penjara 5 tahun sesuai UU Perikanan. Polisi masih memburu otak sindikat ini.</p><p class=\'mb-4 text-justify\'>Pelaku ditangkap di sebuah gudang tersembunyi di Praya Barat. Barang bukti box sterofoam diamankan polisi. Pelaku terancam hukuman penjara 5 tahun sesuai UU Perikanan. Polisi masih memburu otak sindikat ini.</p><p class=\'mb-4 text-justify\'>Pelaku terancam hukuman penjara 5 tahun sesuai UU Perikanan. Polisi masih memburu otak sindikat ini. Pelaku ditangkap di sebuah gudang tersembunyi di Praya Barat. Barang bukti box sterofoam diamankan polisi.</p><p class=\'mb-4 text-justify\'>Tim Opsnal Polres Lombok Tengah berhasil menggagalkan pengiriman 5.000 ekor benih lobster ilegal tujuan luar negeri. Pelaku ditangkap di sebuah gudang tersembunyi di Praya Barat. Barang bukti box sterofoam diamankan polisi.</p><p class=\'mb-4 text-justify\'>Pelaku ditangkap di sebuah gudang tersembunyi di Praya Barat. Barang bukti box sterofoam diamankan polisi. Tim Opsnal Polres Lombok Tengah berhasil menggagalkan pengiriman 5.000 ekor benih lobster ilegal tujuan luar negeri.</p><p class=\'mb-4 text-justify\'>Pelaku terancam hukuman penjara 5 tahun sesuai UU Perikanan. Polisi masih memburu otak sindikat ini. Tim Opsnal Polres Lombok Tengah berhasil menggagalkan pengiriman 5.000 ekor benih lobster ilegal tujuan luar negeri.</p><h3 class=\'text-xl font-bold mt-6 mb-4\'>Fakta dan Data Lapangan</h3><p class=\'mb-4 text-justify\'>Tim Opsnal Polres Lombok Tengah berhasil menggagalkan pengiriman 5.000 ekor benih lobster ilegal tujuan luar negeri. Pelaku ditangkap di sebuah gudang tersembunyi di Praya Barat. Barang bukti box sterofoam diamankan polisi.</p><p class=\'mb-4 text-justify\'>Pelaku ditangkap di sebuah gudang tersembunyi di Praya Barat. Barang bukti box sterofoam diamankan polisi. Tim Opsnal Polres Lombok Tengah berhasil menggagalkan pengiriman 5.000 ekor benih lobster ilegal tujuan luar negeri.</p><p class=\'mb-4 text-justify\'>Pelaku terancam hukuman penjara 5 tahun sesuai UU Perikanan. Polisi masih memburu otak sindikat ini. Tim Opsnal Polres Lombok Tengah berhasil menggagalkan pengiriman 5.000 ekor benih lobster ilegal tujuan luar negeri.</p><p class=\'mt-6 italic text-gray-500\'>Penulis: Tim Redaksi Lombok News (Batch 2)</p>', 'https://picsum.photos/seed/ntb_2_2/800/600', 0, 0, 0, '2026-01-04 11:14:45', '2026-01-12 15:14:45', '2026-01-12 15:14:45');
INSERT INTO `posts` (`id`, `category_id`, `user_id`, `title`, `slug`, `excerpt`, `body`, `image`, `is_headline`, `is_editor_choice`, `views`, `published_at`, `created_at`, `updated_at`) VALUES
(18, 6, 1, 'Gili Trawangan Dipadati Turis Asing Akhir Pekan Ini - Update Terkini', 'gili-trawangan-dipadati-turis-asing-akhir-pekan-ini-update-terkini-GHvXfn', 'Pelabuhan Bangsal terlihat padat merayap. Ribuan wisatawan antre menyeberang ke Gili Trawangan sejak pagi buta....', '<p class=\'lead font-bold\'><strong>MATARAM (Lombok News)</strong> - Gili Trawangan Dipadati Turis Asing Akhir Pekan Ini - Update Terkini.</p><p class=\'mb-4 text-justify\'>Pelabuhan Bangsal terlihat padat merayap. Ribuan wisatawan antre menyeberang ke Gili Trawangan sejak pagi buta. Pelabuhan Bangsal terlihat padat merayap. Ribuan wisatawan antre menyeberang ke Gili Trawangan sejak pagi buta.</p><p class=\'mb-4 text-justify\'>Okupansi hotel dilaporkan mencapai 95 persen. Ini rekor tertinggi pasca pemulihan pariwisata daerah. Okupansi hotel dilaporkan mencapai 95 persen. Ini rekor tertinggi pasca pemulihan pariwisata daerah.</p><p class=\'mb-4 text-justify\'>Wisatawan tampak menikmati snorkeling dan bersepeda. Pihak keamanan desa adat meningkatkan patroli kenyamanan. Wisatawan tampak menikmati snorkeling dan bersepeda. Pihak keamanan desa adat meningkatkan patroli kenyamanan.</p><p class=\'mb-4 text-justify\'>Pelabuhan Bangsal terlihat padat merayap. Ribuan wisatawan antre menyeberang ke Gili Trawangan sejak pagi buta. Pelabuhan Bangsal terlihat padat merayap. Ribuan wisatawan antre menyeberang ke Gili Trawangan sejak pagi buta.</p><p class=\'mb-4 text-justify\'>Okupansi hotel dilaporkan mencapai 95 persen. Ini rekor tertinggi pasca pemulihan pariwisata daerah. Wisatawan tampak menikmati snorkeling dan bersepeda. Pihak keamanan desa adat meningkatkan patroli kenyamanan.</p><p class=\'mb-4 text-justify\'>Wisatawan tampak menikmati snorkeling dan bersepeda. Pihak keamanan desa adat meningkatkan patroli kenyamanan. Pelabuhan Bangsal terlihat padat merayap. Ribuan wisatawan antre menyeberang ke Gili Trawangan sejak pagi buta.</p><h3 class=\'text-xl font-bold mt-6 mb-4\'>Fakta dan Data Lapangan</h3><p class=\'mb-4 text-justify\'>Pelabuhan Bangsal terlihat padat merayap. Ribuan wisatawan antre menyeberang ke Gili Trawangan sejak pagi buta. Pelabuhan Bangsal terlihat padat merayap. Ribuan wisatawan antre menyeberang ke Gili Trawangan sejak pagi buta.</p><p class=\'mb-4 text-justify\'>Okupansi hotel dilaporkan mencapai 95 persen. Ini rekor tertinggi pasca pemulihan pariwisata daerah. Pelabuhan Bangsal terlihat padat merayap. Ribuan wisatawan antre menyeberang ke Gili Trawangan sejak pagi buta.</p><p class=\'mb-4 text-justify\'>Wisatawan tampak menikmati snorkeling dan bersepeda. Pihak keamanan desa adat meningkatkan patroli kenyamanan. Wisatawan tampak menikmati snorkeling dan bersepeda. Pihak keamanan desa adat meningkatkan patroli kenyamanan.</p><p class=\'mt-6 italic text-gray-500\'>Penulis: Tim Redaksi Lombok News (Batch 2)</p>', 'https://picsum.photos/seed/ntb_3_2/800/600', 0, 0, 0, '2026-01-01 18:14:45', '2026-01-12 15:14:45', '2026-01-12 15:14:45'),
(19, 8, 1, 'Unram Wisuda 1.500 Sarjana Baru Periode Ini - Update Terkini', 'unram-wisuda-1500-sarjana-baru-periode-ini-update-terkini-L45oZV', 'Universitas Mataram kembali meluluskan ribuan mahasiswa. Rektor berpesan agar alumni siap bersaing di era digital....', '<p class=\'lead font-bold\'><strong>MATARAM (Lombok News)</strong> - Unram Wisuda 1.500 Sarjana Baru Periode Ini - Update Terkini.</p><p class=\'mb-4 text-justify\'>Universitas Mataram kembali meluluskan ribuan mahasiswa. Rektor berpesan agar alumni siap bersaing di era digital. Universitas Mataram kembali meluluskan ribuan mahasiswa. Rektor berpesan agar alumni siap bersaing di era digital.</p><p class=\'mb-4 text-justify\'>Suasana haru terlihat saat wisudawan terbaik dari Fakultas Pertanian dipanggil ke panggung bersama orang tuanya. Diharapkan lulusan baru ini dapat membuka lapangan kerja sendiri dan tidak hanya bergantung pada lowongan PNS.</p><p class=\'mb-4 text-justify\'>Diharapkan lulusan baru ini dapat membuka lapangan kerja sendiri dan tidak hanya bergantung pada lowongan PNS. Universitas Mataram kembali meluluskan ribuan mahasiswa. Rektor berpesan agar alumni siap bersaing di era digital.</p><p class=\'mb-4 text-justify\'>Universitas Mataram kembali meluluskan ribuan mahasiswa. Rektor berpesan agar alumni siap bersaing di era digital. Suasana haru terlihat saat wisudawan terbaik dari Fakultas Pertanian dipanggil ke panggung bersama orang tuanya.</p><p class=\'mb-4 text-justify\'>Suasana haru terlihat saat wisudawan terbaik dari Fakultas Pertanian dipanggil ke panggung bersama orang tuanya. Universitas Mataram kembali meluluskan ribuan mahasiswa. Rektor berpesan agar alumni siap bersaing di era digital.</p><p class=\'mb-4 text-justify\'>Diharapkan lulusan baru ini dapat membuka lapangan kerja sendiri dan tidak hanya bergantung pada lowongan PNS. Diharapkan lulusan baru ini dapat membuka lapangan kerja sendiri dan tidak hanya bergantung pada lowongan PNS.</p><h3 class=\'text-xl font-bold mt-6 mb-4\'>Fakta dan Data Lapangan</h3><p class=\'mb-4 text-justify\'>Universitas Mataram kembali meluluskan ribuan mahasiswa. Rektor berpesan agar alumni siap bersaing di era digital. Universitas Mataram kembali meluluskan ribuan mahasiswa. Rektor berpesan agar alumni siap bersaing di era digital.</p><p class=\'mb-4 text-justify\'>Suasana haru terlihat saat wisudawan terbaik dari Fakultas Pertanian dipanggil ke panggung bersama orang tuanya. Universitas Mataram kembali meluluskan ribuan mahasiswa. Rektor berpesan agar alumni siap bersaing di era digital.</p><p class=\'mb-4 text-justify\'>Diharapkan lulusan baru ini dapat membuka lapangan kerja sendiri dan tidak hanya bergantung pada lowongan PNS. Suasana haru terlihat saat wisudawan terbaik dari Fakultas Pertanian dipanggil ke panggung bersama orang tuanya.</p><p class=\'mt-6 italic text-gray-500\'>Penulis: Tim Redaksi Lombok News (Batch 2)</p>', 'https://picsum.photos/seed/ntb_4_2/800/600', 0, 0, 0, '2026-01-08 22:14:45', '2026-01-12 15:14:45', '2026-01-12 15:14:45'),
(20, 5, 1, 'Festival Peresean Digelar Meriah di Taman Budaya - Update Terkini', 'festival-peresean-digelar-meriah-di-taman-budaya-update-terkini-sPivBV', 'Suara gamelan mengiringi pertarungan pepadu di arena Peresean. Ribuan penonton bersorak memberikan semangat....', '<p class=\'lead font-bold\'><strong>MATARAM (Lombok News)</strong> - Festival Peresean Digelar Meriah di Taman Budaya - Update Terkini.</p><p class=\'mb-4 text-justify\'>Suara gamelan mengiringi pertarungan pepadu di arena Peresean. Ribuan penonton bersorak memberikan semangat. Tradisi adu ketangkasan ini digelar untuk melestarikan budaya Sasak dan menarik minat wisatawan domestik.</p><p class=\'mb-4 text-justify\'>Tradisi adu ketangkasan ini digelar untuk melestarikan budaya Sasak dan menarik minat wisatawan domestik. Tradisi adu ketangkasan ini digelar untuk melestarikan budaya Sasak dan menarik minat wisatawan domestik.</p><p class=\'mb-4 text-justify\'>Meski bertarung sengit, para pepadu langsung berpelukan usai laga, menjunjung tinggi nilai persaudaraan. Meski bertarung sengit, para pepadu langsung berpelukan usai laga, menjunjung tinggi nilai persaudaraan.</p><p class=\'mb-4 text-justify\'>Suara gamelan mengiringi pertarungan pepadu di arena Peresean. Ribuan penonton bersorak memberikan semangat. Tradisi adu ketangkasan ini digelar untuk melestarikan budaya Sasak dan menarik minat wisatawan domestik.</p><p class=\'mb-4 text-justify\'>Tradisi adu ketangkasan ini digelar untuk melestarikan budaya Sasak dan menarik minat wisatawan domestik. Suara gamelan mengiringi pertarungan pepadu di arena Peresean. Ribuan penonton bersorak memberikan semangat.</p><p class=\'mb-4 text-justify\'>Meski bertarung sengit, para pepadu langsung berpelukan usai laga, menjunjung tinggi nilai persaudaraan. Meski bertarung sengit, para pepadu langsung berpelukan usai laga, menjunjung tinggi nilai persaudaraan.</p><h3 class=\'text-xl font-bold mt-6 mb-4\'>Fakta dan Data Lapangan</h3><p class=\'mb-4 text-justify\'>Suara gamelan mengiringi pertarungan pepadu di arena Peresean. Ribuan penonton bersorak memberikan semangat. Meski bertarung sengit, para pepadu langsung berpelukan usai laga, menjunjung tinggi nilai persaudaraan.</p><p class=\'mb-4 text-justify\'>Tradisi adu ketangkasan ini digelar untuk melestarikan budaya Sasak dan menarik minat wisatawan domestik. Meski bertarung sengit, para pepadu langsung berpelukan usai laga, menjunjung tinggi nilai persaudaraan.</p><p class=\'mb-4 text-justify\'>Meski bertarung sengit, para pepadu langsung berpelukan usai laga, menjunjung tinggi nilai persaudaraan. Tradisi adu ketangkasan ini digelar untuk melestarikan budaya Sasak dan menarik minat wisatawan domestik.</p><p class=\'mt-6 italic text-gray-500\'>Penulis: Tim Redaksi Lombok News (Batch 2)</p>', 'https://picsum.photos/seed/ntb_5_2/800/600', 0, 0, 0, '2026-01-12 08:14:45', '2026-01-12 15:14:45', '2026-01-12 15:14:45'),
(21, 1, 1, 'Gubernur NTB Resmikan Jembatan Desa Terpencil - Update Terkini', 'gubernur-ntb-resmikan-jembatan-desa-terpencil-update-terkini-R7GUJV', 'Warga akhirnya bisa tersenyum lega. Jembatan penghubung desa ke pusat kota resmi dibuka oleh Gubernur hari ini....', '<p class=\'lead font-bold\'><strong>MATARAM (Lombok News)</strong> - Gubernur NTB Resmikan Jembatan Desa Terpencil - Update Terkini.</p><p class=\'mb-4 text-justify\'>Warga akhirnya bisa tersenyum lega. Jembatan penghubung desa ke pusat kota resmi dibuka oleh Gubernur hari ini. Pemerintah menegaskan komitmen pemerataan pembangunan infrastruktur hingga ke pelosok tanpa terkecuali.</p><p class=\'mb-4 text-justify\'>Sebelumnya, warga harus menyeberang sungai deras atau memutar 10 km untuk menjual hasil bumi. Pemerintah menegaskan komitmen pemerataan pembangunan infrastruktur hingga ke pelosok tanpa terkecuali.</p><p class=\'mb-4 text-justify\'>Pemerintah menegaskan komitmen pemerataan pembangunan infrastruktur hingga ke pelosok tanpa terkecuali. Sebelumnya, warga harus menyeberang sungai deras atau memutar 10 km untuk menjual hasil bumi.</p><p class=\'mb-4 text-justify\'>Warga akhirnya bisa tersenyum lega. Jembatan penghubung desa ke pusat kota resmi dibuka oleh Gubernur hari ini. Pemerintah menegaskan komitmen pemerataan pembangunan infrastruktur hingga ke pelosok tanpa terkecuali.</p><p class=\'mb-4 text-justify\'>Sebelumnya, warga harus menyeberang sungai deras atau memutar 10 km untuk menjual hasil bumi. Warga akhirnya bisa tersenyum lega. Jembatan penghubung desa ke pusat kota resmi dibuka oleh Gubernur hari ini.</p><p class=\'mb-4 text-justify\'>Pemerintah menegaskan komitmen pemerataan pembangunan infrastruktur hingga ke pelosok tanpa terkecuali. Pemerintah menegaskan komitmen pemerataan pembangunan infrastruktur hingga ke pelosok tanpa terkecuali.</p><h3 class=\'text-xl font-bold mt-6 mb-4\'>Fakta dan Data Lapangan</h3><p class=\'mb-4 text-justify\'>Warga akhirnya bisa tersenyum lega. Jembatan penghubung desa ke pusat kota resmi dibuka oleh Gubernur hari ini. Pemerintah menegaskan komitmen pemerataan pembangunan infrastruktur hingga ke pelosok tanpa terkecuali.</p><p class=\'mb-4 text-justify\'>Sebelumnya, warga harus menyeberang sungai deras atau memutar 10 km untuk menjual hasil bumi. Warga akhirnya bisa tersenyum lega. Jembatan penghubung desa ke pusat kota resmi dibuka oleh Gubernur hari ini.</p><p class=\'mb-4 text-justify\'>Pemerintah menegaskan komitmen pemerataan pembangunan infrastruktur hingga ke pelosok tanpa terkecuali. Pemerintah menegaskan komitmen pemerataan pembangunan infrastruktur hingga ke pelosok tanpa terkecuali.</p><p class=\'mt-6 italic text-gray-500\'>Penulis: Tim Redaksi Lombok News (Batch 2)</p>', 'https://picsum.photos/seed/ntb_6_2/800/600', 0, 0, 0, '2026-01-06 05:14:45', '2026-01-12 15:14:45', '2026-01-12 15:14:45'),
(22, 1, 1, 'Car Free Day Udayana Kembali Ramai Pengunjung - Update Terkini', 'car-free-day-udayana-kembali-ramai-pengunjung-update-terkini-BM8Ew3', 'Jalan Udayana Mataram berubah menjadi lautan manusia. Warga antusias berolahraga pagi menikmati udara segar....', '<p class=\'lead font-bold\'><strong>MATARAM (Lombok News)</strong> - Car Free Day Udayana Kembali Ramai Pengunjung - Update Terkini.</p><p class=\'mb-4 text-justify\'>Jalan Udayana Mataram berubah menjadi lautan manusia. Warga antusias berolahraga pagi menikmati udara segar. Jalan Udayana Mataram berubah menjadi lautan manusia. Warga antusias berolahraga pagi menikmati udara segar.</p><p class=\'mb-4 text-justify\'>Pedagang kuliner lokal laris manis. Sate bulayak dan pelecing kangkung menjadi primadona sarapan warga. Dishub menutup akses kendaraan total selama 3 jam untuk menjamin keamanan pejalan kaki dan pesepeda.</p><p class=\'mb-4 text-justify\'>Dishub menutup akses kendaraan total selama 3 jam untuk menjamin keamanan pejalan kaki dan pesepeda. Jalan Udayana Mataram berubah menjadi lautan manusia. Warga antusias berolahraga pagi menikmati udara segar.</p><p class=\'mb-4 text-justify\'>Jalan Udayana Mataram berubah menjadi lautan manusia. Warga antusias berolahraga pagi menikmati udara segar. Jalan Udayana Mataram berubah menjadi lautan manusia. Warga antusias berolahraga pagi menikmati udara segar.</p><p class=\'mb-4 text-justify\'>Pedagang kuliner lokal laris manis. Sate bulayak dan pelecing kangkung menjadi primadona sarapan warga. Dishub menutup akses kendaraan total selama 3 jam untuk menjamin keamanan pejalan kaki dan pesepeda.</p><p class=\'mb-4 text-justify\'>Dishub menutup akses kendaraan total selama 3 jam untuk menjamin keamanan pejalan kaki dan pesepeda. Pedagang kuliner lokal laris manis. Sate bulayak dan pelecing kangkung menjadi primadona sarapan warga.</p><h3 class=\'text-xl font-bold mt-6 mb-4\'>Fakta dan Data Lapangan</h3><p class=\'mb-4 text-justify\'>Jalan Udayana Mataram berubah menjadi lautan manusia. Warga antusias berolahraga pagi menikmati udara segar. Dishub menutup akses kendaraan total selama 3 jam untuk menjamin keamanan pejalan kaki dan pesepeda.</p><p class=\'mb-4 text-justify\'>Pedagang kuliner lokal laris manis. Sate bulayak dan pelecing kangkung menjadi primadona sarapan warga. Pedagang kuliner lokal laris manis. Sate bulayak dan pelecing kangkung menjadi primadona sarapan warga.</p><p class=\'mb-4 text-justify\'>Dishub menutup akses kendaraan total selama 3 jam untuk menjamin keamanan pejalan kaki dan pesepeda. Pedagang kuliner lokal laris manis. Sate bulayak dan pelecing kangkung menjadi primadona sarapan warga.</p><p class=\'mt-6 italic text-gray-500\'>Penulis: Tim Redaksi Lombok News (Batch 2)</p>', 'https://picsum.photos/seed/ntb_7_2/800/600', 0, 0, 0, '2026-01-08 03:14:45', '2026-01-12 15:14:45', '2026-01-12 15:14:45'),
(23, 3, 1, 'DPRD Soroti Jalan Rusak di Kawasan Sekotong - Update Terkini', 'dprd-soroti-jalan-rusak-di-kawasan-sekotong-update-terkini-eQZAxt', 'Komisi IV DPRD NTB melakukan sidak ke Lombok Barat menyusul laporan warga tentang jalan berlubang....', '<p class=\'lead font-bold\'><strong>MATARAM (Lombok News)</strong> - DPRD Soroti Jalan Rusak di Kawasan Sekotong - Update Terkini.</p><p class=\'mb-4 text-justify\'>Komisi IV DPRD NTB melakukan sidak ke Lombok Barat menyusul laporan warga tentang jalan berlubang. Warga mengancam akan menanam pohon pisang di tengah jalan jika perbaikan tidak segera dilakukan.</p><p class=\'mb-4 text-justify\'>Dewan mendesak Dinas PUPR segera melakukan perbaikan sebelum jatuh korban jiwa, apalagi ini jalur wisata. Warga mengancam akan menanam pohon pisang di tengah jalan jika perbaikan tidak segera dilakukan.</p><p class=\'mb-4 text-justify\'>Warga mengancam akan menanam pohon pisang di tengah jalan jika perbaikan tidak segera dilakukan. Komisi IV DPRD NTB melakukan sidak ke Lombok Barat menyusul laporan warga tentang jalan berlubang.</p><p class=\'mb-4 text-justify\'>Komisi IV DPRD NTB melakukan sidak ke Lombok Barat menyusul laporan warga tentang jalan berlubang. Warga mengancam akan menanam pohon pisang di tengah jalan jika perbaikan tidak segera dilakukan.</p><p class=\'mb-4 text-justify\'>Dewan mendesak Dinas PUPR segera melakukan perbaikan sebelum jatuh korban jiwa, apalagi ini jalur wisata. Dewan mendesak Dinas PUPR segera melakukan perbaikan sebelum jatuh korban jiwa, apalagi ini jalur wisata.</p><p class=\'mb-4 text-justify\'>Warga mengancam akan menanam pohon pisang di tengah jalan jika perbaikan tidak segera dilakukan. Komisi IV DPRD NTB melakukan sidak ke Lombok Barat menyusul laporan warga tentang jalan berlubang.</p><h3 class=\'text-xl font-bold mt-6 mb-4\'>Fakta dan Data Lapangan</h3><p class=\'mb-4 text-justify\'>Komisi IV DPRD NTB melakukan sidak ke Lombok Barat menyusul laporan warga tentang jalan berlubang. Dewan mendesak Dinas PUPR segera melakukan perbaikan sebelum jatuh korban jiwa, apalagi ini jalur wisata.</p><p class=\'mb-4 text-justify\'>Dewan mendesak Dinas PUPR segera melakukan perbaikan sebelum jatuh korban jiwa, apalagi ini jalur wisata. Dewan mendesak Dinas PUPR segera melakukan perbaikan sebelum jatuh korban jiwa, apalagi ini jalur wisata.</p><p class=\'mb-4 text-justify\'>Warga mengancam akan menanam pohon pisang di tengah jalan jika perbaikan tidak segera dilakukan. Dewan mendesak Dinas PUPR segera melakukan perbaikan sebelum jatuh korban jiwa, apalagi ini jalur wisata.</p><p class=\'mt-6 italic text-gray-500\'>Penulis: Tim Redaksi Lombok News (Batch 2)</p>', 'https://picsum.photos/seed/ntb_8_2/800/600', 0, 0, 0, '2026-01-10 16:14:45', '2026-01-12 15:14:45', '2026-01-12 15:14:45'),
(24, 2, 1, 'Razia Knalpot Brong di Mataram, Puluhan Motor Diamankan - Update Terkini', 'razia-knalpot-brong-di-mataram-puluhan-motor-diamankan-update-terkini-6Uv88B', 'Satlantas Polresta Mataram menggelar razia balap liar dan knalpot bising yang meresahkan warga saat malam hari....', '<p class=\'lead font-bold\'><strong>MATARAM (Lombok News)</strong> - Razia Knalpot Brong di Mataram, Puluhan Motor Diamankan - Update Terkini.</p><p class=\'mb-4 text-justify\'>Satlantas Polresta Mataram menggelar razia balap liar dan knalpot bising yang meresahkan warga saat malam hari. Polisi menegaskan tidak ada toleransi bagi pelanggar ketertiban umum di jalan raya.</p><p class=\'mb-4 text-justify\'>Puluhan remaja terjaring razia. Mereka diwajibkan mengganti knalpot standar dan memusnahkan knalpot brong sendiri. Satlantas Polresta Mataram menggelar razia balap liar dan knalpot bising yang meresahkan warga saat malam hari.</p><p class=\'mb-4 text-justify\'>Polisi menegaskan tidak ada toleransi bagi pelanggar ketertiban umum di jalan raya. Puluhan remaja terjaring razia. Mereka diwajibkan mengganti knalpot standar dan memusnahkan knalpot brong sendiri.</p><p class=\'mb-4 text-justify\'>Satlantas Polresta Mataram menggelar razia balap liar dan knalpot bising yang meresahkan warga saat malam hari. Polisi menegaskan tidak ada toleransi bagi pelanggar ketertiban umum di jalan raya.</p><p class=\'mb-4 text-justify\'>Puluhan remaja terjaring razia. Mereka diwajibkan mengganti knalpot standar dan memusnahkan knalpot brong sendiri. Polisi menegaskan tidak ada toleransi bagi pelanggar ketertiban umum di jalan raya.</p><p class=\'mb-4 text-justify\'>Polisi menegaskan tidak ada toleransi bagi pelanggar ketertiban umum di jalan raya. Puluhan remaja terjaring razia. Mereka diwajibkan mengganti knalpot standar dan memusnahkan knalpot brong sendiri.</p><h3 class=\'text-xl font-bold mt-6 mb-4\'>Fakta dan Data Lapangan</h3><p class=\'mb-4 text-justify\'>Satlantas Polresta Mataram menggelar razia balap liar dan knalpot bising yang meresahkan warga saat malam hari. Polisi menegaskan tidak ada toleransi bagi pelanggar ketertiban umum di jalan raya.</p><p class=\'mb-4 text-justify\'>Puluhan remaja terjaring razia. Mereka diwajibkan mengganti knalpot standar dan memusnahkan knalpot brong sendiri. Puluhan remaja terjaring razia. Mereka diwajibkan mengganti knalpot standar dan memusnahkan knalpot brong sendiri.</p><p class=\'mb-4 text-justify\'>Polisi menegaskan tidak ada toleransi bagi pelanggar ketertiban umum di jalan raya. Polisi menegaskan tidak ada toleransi bagi pelanggar ketertiban umum di jalan raya.</p><p class=\'mt-6 italic text-gray-500\'>Penulis: Tim Redaksi Lombok News (Batch 2)</p>', 'https://picsum.photos/seed/ntb_9_2/800/600', 0, 0, 0, '2026-01-12 04:14:45', '2026-01-12 15:14:45', '2026-01-12 15:14:45'),
(25, 10, 1, 'Anak Muda Lombok Ciptakan Aplikasi E-Commerce Lokal - Update Terkini', 'anak-muda-lombok-ciptakan-aplikasi-e-commerce-lokal-update-terkini-7oUwC7', 'Sekelompok mahasiswa STMIK di Mataram meluncurkan startup baru yang fokus memasarkan produk UMKM NTB....', '<p class=\'lead font-bold\'><strong>MATARAM (Lombok News)</strong> - Anak Muda Lombok Ciptakan Aplikasi E-Commerce Lokal - Update Terkini.</p><p class=\'mb-4 text-justify\'>Sekelompok mahasiswa STMIK di Mataram meluncurkan startup baru yang fokus memasarkan produk UMKM NTB. Aplikasi ini diharapkan membantu pengrajin tenun dan mutiara menjangkau pasar internasional dengan mudah.</p><p class=\'mb-4 text-justify\'>Aplikasi ini diharapkan membantu pengrajin tenun dan mutiara menjangkau pasar internasional dengan mudah. Aplikasi ini diharapkan membantu pengrajin tenun dan mutiara menjangkau pasar internasional dengan mudah.</p><p class=\'mb-4 text-justify\'>Dinas Perindustrian memberikan apresiasi dan janji pendampingan inkubasi bisnis bagi startup lokal ini. Aplikasi ini diharapkan membantu pengrajin tenun dan mutiara menjangkau pasar internasional dengan mudah.</p><p class=\'mb-4 text-justify\'>Sekelompok mahasiswa STMIK di Mataram meluncurkan startup baru yang fokus memasarkan produk UMKM NTB. Sekelompok mahasiswa STMIK di Mataram meluncurkan startup baru yang fokus memasarkan produk UMKM NTB.</p><p class=\'mb-4 text-justify\'>Aplikasi ini diharapkan membantu pengrajin tenun dan mutiara menjangkau pasar internasional dengan mudah. Aplikasi ini diharapkan membantu pengrajin tenun dan mutiara menjangkau pasar internasional dengan mudah.</p><p class=\'mb-4 text-justify\'>Dinas Perindustrian memberikan apresiasi dan janji pendampingan inkubasi bisnis bagi startup lokal ini. Dinas Perindustrian memberikan apresiasi dan janji pendampingan inkubasi bisnis bagi startup lokal ini.</p><h3 class=\'text-xl font-bold mt-6 mb-4\'>Fakta dan Data Lapangan</h3><p class=\'mb-4 text-justify\'>Sekelompok mahasiswa STMIK di Mataram meluncurkan startup baru yang fokus memasarkan produk UMKM NTB. Aplikasi ini diharapkan membantu pengrajin tenun dan mutiara menjangkau pasar internasional dengan mudah.</p><p class=\'mb-4 text-justify\'>Aplikasi ini diharapkan membantu pengrajin tenun dan mutiara menjangkau pasar internasional dengan mudah. Sekelompok mahasiswa STMIK di Mataram meluncurkan startup baru yang fokus memasarkan produk UMKM NTB.</p><p class=\'mb-4 text-justify\'>Dinas Perindustrian memberikan apresiasi dan janji pendampingan inkubasi bisnis bagi startup lokal ini. Aplikasi ini diharapkan membantu pengrajin tenun dan mutiara menjangkau pasar internasional dengan mudah.</p><p class=\'mt-6 italic text-gray-500\'>Penulis: Tim Redaksi Lombok News (Batch 2)</p>', 'https://picsum.photos/seed/ntb_10_2/800/600', 0, 0, 0, '2026-01-11 22:14:45', '2026-01-12 15:14:45', '2026-01-12 15:14:45'),
(26, 9, 1, 'RSUD Provinsi NTB Tambah Fasilitas Operasi Jantung - Update Terkini', 'rsud-provinsi-ntb-tambah-fasilitas-operasi-jantung-update-terkini-IFXklY', 'Kabar gembira bagi warga NTB. RSUD Provinsi kini memiliki alat canggih untuk operasi pasang ring jantung....', '<p class=\'lead font-bold\'><strong>MATARAM (Lombok News)</strong> - RSUD Provinsi NTB Tambah Fasilitas Operasi Jantung - Update Terkini.</p><p class=\'mb-4 text-justify\'>Kabar gembira bagi warga NTB. RSUD Provinsi kini memiliki alat canggih untuk operasi pasang ring jantung. Pasien tidak perlu lagi dirujuk ke Bali atau Jawa, sehingga biaya pengobatan bisa lebih hemat.</p><p class=\'mb-4 text-justify\'>Pasien tidak perlu lagi dirujuk ke Bali atau Jawa, sehingga biaya pengobatan bisa lebih hemat. Kabar gembira bagi warga NTB. RSUD Provinsi kini memiliki alat canggih untuk operasi pasang ring jantung.</p><p class=\'mb-4 text-justify\'>Gubernur berharap peningkatan layanan ini diimbangi dengan keramahan tenaga medis kepada pasien. Kabar gembira bagi warga NTB. RSUD Provinsi kini memiliki alat canggih untuk operasi pasang ring jantung.</p><p class=\'mb-4 text-justify\'>Kabar gembira bagi warga NTB. RSUD Provinsi kini memiliki alat canggih untuk operasi pasang ring jantung. Pasien tidak perlu lagi dirujuk ke Bali atau Jawa, sehingga biaya pengobatan bisa lebih hemat.</p><p class=\'mb-4 text-justify\'>Pasien tidak perlu lagi dirujuk ke Bali atau Jawa, sehingga biaya pengobatan bisa lebih hemat. Pasien tidak perlu lagi dirujuk ke Bali atau Jawa, sehingga biaya pengobatan bisa lebih hemat.</p><p class=\'mb-4 text-justify\'>Gubernur berharap peningkatan layanan ini diimbangi dengan keramahan tenaga medis kepada pasien. Kabar gembira bagi warga NTB. RSUD Provinsi kini memiliki alat canggih untuk operasi pasang ring jantung.</p><h3 class=\'text-xl font-bold mt-6 mb-4\'>Fakta dan Data Lapangan</h3><p class=\'mb-4 text-justify\'>Kabar gembira bagi warga NTB. RSUD Provinsi kini memiliki alat canggih untuk operasi pasang ring jantung. Pasien tidak perlu lagi dirujuk ke Bali atau Jawa, sehingga biaya pengobatan bisa lebih hemat.</p><p class=\'mb-4 text-justify\'>Pasien tidak perlu lagi dirujuk ke Bali atau Jawa, sehingga biaya pengobatan bisa lebih hemat. Kabar gembira bagi warga NTB. RSUD Provinsi kini memiliki alat canggih untuk operasi pasang ring jantung.</p><p class=\'mb-4 text-justify\'>Gubernur berharap peningkatan layanan ini diimbangi dengan keramahan tenaga medis kepada pasien. Kabar gembira bagi warga NTB. RSUD Provinsi kini memiliki alat canggih untuk operasi pasang ring jantung.</p><p class=\'mt-6 italic text-gray-500\'>Penulis: Tim Redaksi Lombok News (Batch 2)</p>', 'https://picsum.photos/seed/ntb_11_2/800/600', 0, 0, 0, '2026-01-08 06:14:45', '2026-01-12 15:14:45', '2026-01-12 15:14:45'),
(27, 6, 1, 'Pesona Bukit Merese Jadi Spot Sunset Terbaik - Update Terkini', 'pesona-bukit-merese-jadi-spot-sunset-terbaik-update-terkini-vAvQKM', 'Bukit Merese di Kuta Mandalika tak pernah sepi pengunjung jelang sore hari. Pemandangan laut lepas memukau mata....', '<p class=\'lead font-bold\'><strong>MATARAM (Lombok News)</strong> - Pesona Bukit Merese Jadi Spot Sunset Terbaik - Update Terkini.</p><p class=\'mb-4 text-justify\'>Bukit Merese di Kuta Mandalika tak pernah sepi pengunjung jelang sore hari. Pemandangan laut lepas memukau mata. Bukit Merese di Kuta Mandalika tak pernah sepi pengunjung jelang sore hari. Pemandangan laut lepas memukau mata.</p><p class=\'mb-4 text-justify\'>Banyak konten kreator menjadikan lokasi ini sebagai latar video estetik mereka. Pengelola parkir menghimbau pengunjung tetap menjaga kebersihan dan tidak membuang sampah plastik sembarangan.</p><p class=\'mb-4 text-justify\'>Pengelola parkir menghimbau pengunjung tetap menjaga kebersihan dan tidak membuang sampah plastik sembarangan. Bukit Merese di Kuta Mandalika tak pernah sepi pengunjung jelang sore hari. Pemandangan laut lepas memukau mata.</p><p class=\'mb-4 text-justify\'>Bukit Merese di Kuta Mandalika tak pernah sepi pengunjung jelang sore hari. Pemandangan laut lepas memukau mata. Banyak konten kreator menjadikan lokasi ini sebagai latar video estetik mereka.</p><p class=\'mb-4 text-justify\'>Banyak konten kreator menjadikan lokasi ini sebagai latar video estetik mereka. Bukit Merese di Kuta Mandalika tak pernah sepi pengunjung jelang sore hari. Pemandangan laut lepas memukau mata.</p><p class=\'mb-4 text-justify\'>Pengelola parkir menghimbau pengunjung tetap menjaga kebersihan dan tidak membuang sampah plastik sembarangan. Pengelola parkir menghimbau pengunjung tetap menjaga kebersihan dan tidak membuang sampah plastik sembarangan.</p><h3 class=\'text-xl font-bold mt-6 mb-4\'>Fakta dan Data Lapangan</h3><p class=\'mb-4 text-justify\'>Bukit Merese di Kuta Mandalika tak pernah sepi pengunjung jelang sore hari. Pemandangan laut lepas memukau mata. Banyak konten kreator menjadikan lokasi ini sebagai latar video estetik mereka.</p><p class=\'mb-4 text-justify\'>Banyak konten kreator menjadikan lokasi ini sebagai latar video estetik mereka. Pengelola parkir menghimbau pengunjung tetap menjaga kebersihan dan tidak membuang sampah plastik sembarangan.</p><p class=\'mb-4 text-justify\'>Pengelola parkir menghimbau pengunjung tetap menjaga kebersihan dan tidak membuang sampah plastik sembarangan. Pengelola parkir menghimbau pengunjung tetap menjaga kebersihan dan tidak membuang sampah plastik sembarangan.</p><p class=\'mt-6 italic text-gray-500\'>Penulis: Tim Redaksi Lombok News (Batch 2)</p>', 'https://picsum.photos/seed/ntb_12_2/800/600', 0, 0, 0, '2026-01-01 11:14:45', '2026-01-12 15:14:45', '2026-01-12 15:14:45'),
(28, 7, 1, 'Ekspor Manggis Lombok Tembus Pasar China - Update Terkini', 'ekspor-manggis-lombok-tembus-pasar-china-update-terkini-jz5mkt', 'Petani manggis di Narmada sumringah. Hasil panen mereka tahun ini berhasil diekspor langsung ke Tiongkok....', '<p class=\'lead font-bold\'><strong>MATARAM (Lombok News)</strong> - Ekspor Manggis Lombok Tembus Pasar China - Update Terkini.</p><p class=\'mb-4 text-justify\'>Petani manggis di Narmada sumringah. Hasil panen mereka tahun ini berhasil diekspor langsung ke Tiongkok. Nilai transaksi ekspor ini mencapai miliaran rupiah, mendongkrak devisa daerah secara signifikan.</p><p class=\'mb-4 text-justify\'>Kualitas buah lokal dinilai sangat kompetitif. Dinas Pertanian terus melakukan pendampingan SOP pasca panen. Petani manggis di Narmada sumringah. Hasil panen mereka tahun ini berhasil diekspor langsung ke Tiongkok.</p><p class=\'mb-4 text-justify\'>Nilai transaksi ekspor ini mencapai miliaran rupiah, mendongkrak devisa daerah secara signifikan. Nilai transaksi ekspor ini mencapai miliaran rupiah, mendongkrak devisa daerah secara signifikan.</p><p class=\'mb-4 text-justify\'>Petani manggis di Narmada sumringah. Hasil panen mereka tahun ini berhasil diekspor langsung ke Tiongkok. Kualitas buah lokal dinilai sangat kompetitif. Dinas Pertanian terus melakukan pendampingan SOP pasca panen.</p><p class=\'mb-4 text-justify\'>Kualitas buah lokal dinilai sangat kompetitif. Dinas Pertanian terus melakukan pendampingan SOP pasca panen. Kualitas buah lokal dinilai sangat kompetitif. Dinas Pertanian terus melakukan pendampingan SOP pasca panen.</p><p class=\'mb-4 text-justify\'>Nilai transaksi ekspor ini mencapai miliaran rupiah, mendongkrak devisa daerah secara signifikan. Petani manggis di Narmada sumringah. Hasil panen mereka tahun ini berhasil diekspor langsung ke Tiongkok.</p><h3 class=\'text-xl font-bold mt-6 mb-4\'>Fakta dan Data Lapangan</h3><p class=\'mb-4 text-justify\'>Petani manggis di Narmada sumringah. Hasil panen mereka tahun ini berhasil diekspor langsung ke Tiongkok. Kualitas buah lokal dinilai sangat kompetitif. Dinas Pertanian terus melakukan pendampingan SOP pasca panen.</p><p class=\'mb-4 text-justify\'>Kualitas buah lokal dinilai sangat kompetitif. Dinas Pertanian terus melakukan pendampingan SOP pasca panen. Nilai transaksi ekspor ini mencapai miliaran rupiah, mendongkrak devisa daerah secara signifikan.</p><p class=\'mb-4 text-justify\'>Nilai transaksi ekspor ini mencapai miliaran rupiah, mendongkrak devisa daerah secara signifikan. Nilai transaksi ekspor ini mencapai miliaran rupiah, mendongkrak devisa daerah secara signifikan.</p><p class=\'mt-6 italic text-gray-500\'>Penulis: Tim Redaksi Lombok News (Batch 2)</p>', 'https://picsum.photos/seed/ntb_13_2/800/600', 0, 0, 0, '2026-01-03 08:14:45', '2026-01-12 15:14:45', '2026-01-12 15:14:45'),
(29, 4, 1, 'Sirkuit Mandalika Siap Gelar MotoGP 2026 - Sorotan Publik', 'sirkuit-mandalika-siap-gelar-motogp-2026-sorotan-publik-Yf9NxW', 'Aktivitas di Sirkuit Internasional Mandalika semakin padat. Truk logistik tim balap mulai berdatangan di Bandara BIZAM....', '<p class=\'lead font-bold\'><strong>MATARAM (Lombok News)</strong> - Sirkuit Mandalika Siap Gelar MotoGP 2026 - Sorotan Publik.</p><p class=\'mb-4 text-justify\'>Aktivitas di Sirkuit Internasional Mandalika semakin padat. Truk logistik tim balap mulai berdatangan di Bandara BIZAM. Antusiasme warga lokal sangat tinggi menyambut ribuan wisatawan mancanegara yang diprediksi membanjiri Lombok Tengah.</p><p class=\'mb-4 text-justify\'>Direktur MGPA memastikan kesiapan lintasan sudah 100 persen. Pengecatan kerb dan perbaikan drainase telah rampung. Antusiasme warga lokal sangat tinggi menyambut ribuan wisatawan mancanegara yang diprediksi membanjiri Lombok Tengah.</p><p class=\'mb-4 text-justify\'>Antusiasme warga lokal sangat tinggi menyambut ribuan wisatawan mancanegara yang diprediksi membanjiri Lombok Tengah. Aktivitas di Sirkuit Internasional Mandalika semakin padat. Truk logistik tim balap mulai berdatangan di Bandara BIZAM.</p><p class=\'mb-4 text-justify\'>Aktivitas di Sirkuit Internasional Mandalika semakin padat. Truk logistik tim balap mulai berdatangan di Bandara BIZAM. Direktur MGPA memastikan kesiapan lintasan sudah 100 persen. Pengecatan kerb dan perbaikan drainase telah rampung.</p><p class=\'mb-4 text-justify\'>Direktur MGPA memastikan kesiapan lintasan sudah 100 persen. Pengecatan kerb dan perbaikan drainase telah rampung. Antusiasme warga lokal sangat tinggi menyambut ribuan wisatawan mancanegara yang diprediksi membanjiri Lombok Tengah.</p><p class=\'mb-4 text-justify\'>Antusiasme warga lokal sangat tinggi menyambut ribuan wisatawan mancanegara yang diprediksi membanjiri Lombok Tengah. Antusiasme warga lokal sangat tinggi menyambut ribuan wisatawan mancanegara yang diprediksi membanjiri Lombok Tengah.</p><h3 class=\'text-xl font-bold mt-6 mb-4\'>Fakta dan Data Lapangan</h3><p class=\'mb-4 text-justify\'>Aktivitas di Sirkuit Internasional Mandalika semakin padat. Truk logistik tim balap mulai berdatangan di Bandara BIZAM. Antusiasme warga lokal sangat tinggi menyambut ribuan wisatawan mancanegara yang diprediksi membanjiri Lombok Tengah.</p><p class=\'mb-4 text-justify\'>Direktur MGPA memastikan kesiapan lintasan sudah 100 persen. Pengecatan kerb dan perbaikan drainase telah rampung. Direktur MGPA memastikan kesiapan lintasan sudah 100 persen. Pengecatan kerb dan perbaikan drainase telah rampung.</p><p class=\'mb-4 text-justify\'>Antusiasme warga lokal sangat tinggi menyambut ribuan wisatawan mancanegara yang diprediksi membanjiri Lombok Tengah. Antusiasme warga lokal sangat tinggi menyambut ribuan wisatawan mancanegara yang diprediksi membanjiri Lombok Tengah.</p><p class=\'mt-6 italic text-gray-500\'>Penulis: Tim Redaksi Lombok News (Batch 3)</p>', 'https://picsum.photos/seed/ntb_0_3/800/600', 0, 0, 0, '2026-01-07 13:14:45', '2026-01-12 15:14:45', '2026-01-12 15:14:45'),
(30, 7, 1, 'Harga Cabai di Pasar Mandalika Melonjak Drastis - Sorotan Publik', 'harga-cabai-di-pasar-mandalika-melonjak-drastis-sorotan-publik-GS1F5z', 'Ibu rumah tangga di Mataram mengeluhkan kenaikan harga bahan pokok. Cabai rawit kini tembus Rp 90.000 per kilogram....', '<p class=\'lead font-bold\'><strong>MATARAM (Lombok News)</strong> - Harga Cabai di Pasar Mandalika Melonjak Drastis - Sorotan Publik.</p><p class=\'mb-4 text-justify\'>Ibu rumah tangga di Mataram mengeluhkan kenaikan harga bahan pokok. Cabai rawit kini tembus Rp 90.000 per kilogram. Ibu rumah tangga di Mataram mengeluhkan kenaikan harga bahan pokok. Cabai rawit kini tembus Rp 90.000 per kilogram.</p><p class=\'mb-4 text-justify\'>Pedagang mengaku omzet menurun karena pembeli mengurangi belanjaan. Stok dari petani menipis akibat cuaca buruk. Ibu rumah tangga di Mataram mengeluhkan kenaikan harga bahan pokok. Cabai rawit kini tembus Rp 90.000 per kilogram.</p><p class=\'mb-4 text-justify\'>Pemerintah Provinsi NTB berjanji segera menggelar operasi pasar murah untuk menstabilkan harga jelang hari raya. Pemerintah Provinsi NTB berjanji segera menggelar operasi pasar murah untuk menstabilkan harga jelang hari raya.</p><p class=\'mb-4 text-justify\'>Ibu rumah tangga di Mataram mengeluhkan kenaikan harga bahan pokok. Cabai rawit kini tembus Rp 90.000 per kilogram. Pedagang mengaku omzet menurun karena pembeli mengurangi belanjaan. Stok dari petani menipis akibat cuaca buruk.</p><p class=\'mb-4 text-justify\'>Pedagang mengaku omzet menurun karena pembeli mengurangi belanjaan. Stok dari petani menipis akibat cuaca buruk. Pedagang mengaku omzet menurun karena pembeli mengurangi belanjaan. Stok dari petani menipis akibat cuaca buruk.</p><p class=\'mb-4 text-justify\'>Pemerintah Provinsi NTB berjanji segera menggelar operasi pasar murah untuk menstabilkan harga jelang hari raya. Pemerintah Provinsi NTB berjanji segera menggelar operasi pasar murah untuk menstabilkan harga jelang hari raya.</p><h3 class=\'text-xl font-bold mt-6 mb-4\'>Fakta dan Data Lapangan</h3><p class=\'mb-4 text-justify\'>Ibu rumah tangga di Mataram mengeluhkan kenaikan harga bahan pokok. Cabai rawit kini tembus Rp 90.000 per kilogram. Pedagang mengaku omzet menurun karena pembeli mengurangi belanjaan. Stok dari petani menipis akibat cuaca buruk.</p><p class=\'mb-4 text-justify\'>Pedagang mengaku omzet menurun karena pembeli mengurangi belanjaan. Stok dari petani menipis akibat cuaca buruk. Ibu rumah tangga di Mataram mengeluhkan kenaikan harga bahan pokok. Cabai rawit kini tembus Rp 90.000 per kilogram.</p><p class=\'mb-4 text-justify\'>Pemerintah Provinsi NTB berjanji segera menggelar operasi pasar murah untuk menstabilkan harga jelang hari raya. Ibu rumah tangga di Mataram mengeluhkan kenaikan harga bahan pokok. Cabai rawit kini tembus Rp 90.000 per kilogram.</p><p class=\'mt-6 italic text-gray-500\'>Penulis: Tim Redaksi Lombok News (Batch 3)</p>', 'https://picsum.photos/seed/ntb_1_3/800/600', 0, 0, 0, '2026-01-11 17:14:45', '2026-01-12 15:14:45', '2026-01-12 15:14:45'),
(31, 2, 1, 'Polres Loteng Gagalkan Penyelundupan Benih Lobster - Sorotan Publik', 'polres-loteng-gagalkan-penyelundupan-benih-lobster-sorotan-publik-LJKOr0', 'Tim Opsnal Polres Lombok Tengah berhasil menggagalkan pengiriman 5.000 ekor benih lobster ilegal tujuan luar negeri....', '<p class=\'lead font-bold\'><strong>MATARAM (Lombok News)</strong> - Polres Loteng Gagalkan Penyelundupan Benih Lobster - Sorotan Publik.</p><p class=\'mb-4 text-justify\'>Tim Opsnal Polres Lombok Tengah berhasil menggagalkan pengiriman 5.000 ekor benih lobster ilegal tujuan luar negeri. Pelaku ditangkap di sebuah gudang tersembunyi di Praya Barat. Barang bukti box sterofoam diamankan polisi.</p><p class=\'mb-4 text-justify\'>Pelaku ditangkap di sebuah gudang tersembunyi di Praya Barat. Barang bukti box sterofoam diamankan polisi. Tim Opsnal Polres Lombok Tengah berhasil menggagalkan pengiriman 5.000 ekor benih lobster ilegal tujuan luar negeri.</p><p class=\'mb-4 text-justify\'>Pelaku terancam hukuman penjara 5 tahun sesuai UU Perikanan. Polisi masih memburu otak sindikat ini. Tim Opsnal Polres Lombok Tengah berhasil menggagalkan pengiriman 5.000 ekor benih lobster ilegal tujuan luar negeri.</p><p class=\'mb-4 text-justify\'>Tim Opsnal Polres Lombok Tengah berhasil menggagalkan pengiriman 5.000 ekor benih lobster ilegal tujuan luar negeri. Pelaku ditangkap di sebuah gudang tersembunyi di Praya Barat. Barang bukti box sterofoam diamankan polisi.</p><p class=\'mb-4 text-justify\'>Pelaku ditangkap di sebuah gudang tersembunyi di Praya Barat. Barang bukti box sterofoam diamankan polisi. Tim Opsnal Polres Lombok Tengah berhasil menggagalkan pengiriman 5.000 ekor benih lobster ilegal tujuan luar negeri.</p><p class=\'mb-4 text-justify\'>Pelaku terancam hukuman penjara 5 tahun sesuai UU Perikanan. Polisi masih memburu otak sindikat ini. Pelaku terancam hukuman penjara 5 tahun sesuai UU Perikanan. Polisi masih memburu otak sindikat ini.</p><h3 class=\'text-xl font-bold mt-6 mb-4\'>Fakta dan Data Lapangan</h3><p class=\'mb-4 text-justify\'>Tim Opsnal Polres Lombok Tengah berhasil menggagalkan pengiriman 5.000 ekor benih lobster ilegal tujuan luar negeri. Pelaku terancam hukuman penjara 5 tahun sesuai UU Perikanan. Polisi masih memburu otak sindikat ini.</p><p class=\'mb-4 text-justify\'>Pelaku ditangkap di sebuah gudang tersembunyi di Praya Barat. Barang bukti box sterofoam diamankan polisi. Pelaku ditangkap di sebuah gudang tersembunyi di Praya Barat. Barang bukti box sterofoam diamankan polisi.</p><p class=\'mb-4 text-justify\'>Pelaku terancam hukuman penjara 5 tahun sesuai UU Perikanan. Polisi masih memburu otak sindikat ini. Pelaku ditangkap di sebuah gudang tersembunyi di Praya Barat. Barang bukti box sterofoam diamankan polisi.</p><p class=\'mt-6 italic text-gray-500\'>Penulis: Tim Redaksi Lombok News (Batch 3)</p>', 'https://picsum.photos/seed/ntb_2_3/800/600', 0, 0, 0, '2025-12-31 15:14:45', '2026-01-12 15:14:45', '2026-01-12 15:14:45'),
(32, 6, 1, 'Gili Trawangan Dipadati Turis Asing Akhir Pekan Ini - Sorotan Publik', 'gili-trawangan-dipadati-turis-asing-akhir-pekan-ini-sorotan-publik-G7mpex', 'Pelabuhan Bangsal terlihat padat merayap. Ribuan wisatawan antre menyeberang ke Gili Trawangan sejak pagi buta....', '<p class=\'lead font-bold\'><strong>MATARAM (Lombok News)</strong> - Gili Trawangan Dipadati Turis Asing Akhir Pekan Ini - Sorotan Publik.</p><p class=\'mb-4 text-justify\'>Pelabuhan Bangsal terlihat padat merayap. Ribuan wisatawan antre menyeberang ke Gili Trawangan sejak pagi buta. Pelabuhan Bangsal terlihat padat merayap. Ribuan wisatawan antre menyeberang ke Gili Trawangan sejak pagi buta.</p><p class=\'mb-4 text-justify\'>Okupansi hotel dilaporkan mencapai 95 persen. Ini rekor tertinggi pasca pemulihan pariwisata daerah. Wisatawan tampak menikmati snorkeling dan bersepeda. Pihak keamanan desa adat meningkatkan patroli kenyamanan.</p><p class=\'mb-4 text-justify\'>Wisatawan tampak menikmati snorkeling dan bersepeda. Pihak keamanan desa adat meningkatkan patroli kenyamanan. Wisatawan tampak menikmati snorkeling dan bersepeda. Pihak keamanan desa adat meningkatkan patroli kenyamanan.</p><p class=\'mb-4 text-justify\'>Pelabuhan Bangsal terlihat padat merayap. Ribuan wisatawan antre menyeberang ke Gili Trawangan sejak pagi buta. Pelabuhan Bangsal terlihat padat merayap. Ribuan wisatawan antre menyeberang ke Gili Trawangan sejak pagi buta.</p><p class=\'mb-4 text-justify\'>Okupansi hotel dilaporkan mencapai 95 persen. Ini rekor tertinggi pasca pemulihan pariwisata daerah. Okupansi hotel dilaporkan mencapai 95 persen. Ini rekor tertinggi pasca pemulihan pariwisata daerah.</p><p class=\'mb-4 text-justify\'>Wisatawan tampak menikmati snorkeling dan bersepeda. Pihak keamanan desa adat meningkatkan patroli kenyamanan. Wisatawan tampak menikmati snorkeling dan bersepeda. Pihak keamanan desa adat meningkatkan patroli kenyamanan.</p><h3 class=\'text-xl font-bold mt-6 mb-4\'>Fakta dan Data Lapangan</h3><p class=\'mb-4 text-justify\'>Pelabuhan Bangsal terlihat padat merayap. Ribuan wisatawan antre menyeberang ke Gili Trawangan sejak pagi buta. Pelabuhan Bangsal terlihat padat merayap. Ribuan wisatawan antre menyeberang ke Gili Trawangan sejak pagi buta.</p><p class=\'mb-4 text-justify\'>Okupansi hotel dilaporkan mencapai 95 persen. Ini rekor tertinggi pasca pemulihan pariwisata daerah. Pelabuhan Bangsal terlihat padat merayap. Ribuan wisatawan antre menyeberang ke Gili Trawangan sejak pagi buta.</p><p class=\'mb-4 text-justify\'>Wisatawan tampak menikmati snorkeling dan bersepeda. Pihak keamanan desa adat meningkatkan patroli kenyamanan. Pelabuhan Bangsal terlihat padat merayap. Ribuan wisatawan antre menyeberang ke Gili Trawangan sejak pagi buta.</p><p class=\'mt-6 italic text-gray-500\'>Penulis: Tim Redaksi Lombok News (Batch 3)</p>', 'https://picsum.photos/seed/ntb_3_3/800/600', 0, 0, 0, '2025-12-31 14:14:45', '2026-01-12 15:14:45', '2026-01-12 15:14:45'),
(33, 8, 1, 'Unram Wisuda 1.500 Sarjana Baru Periode Ini - Sorotan Publik', 'unram-wisuda-1500-sarjana-baru-periode-ini-sorotan-publik-X18jgL', 'Universitas Mataram kembali meluluskan ribuan mahasiswa. Rektor berpesan agar alumni siap bersaing di era digital....', '<p class=\'lead font-bold\'><strong>MATARAM (Lombok News)</strong> - Unram Wisuda 1.500 Sarjana Baru Periode Ini - Sorotan Publik.</p><p class=\'mb-4 text-justify\'>Universitas Mataram kembali meluluskan ribuan mahasiswa. Rektor berpesan agar alumni siap bersaing di era digital. Universitas Mataram kembali meluluskan ribuan mahasiswa. Rektor berpesan agar alumni siap bersaing di era digital.</p><p class=\'mb-4 text-justify\'>Suasana haru terlihat saat wisudawan terbaik dari Fakultas Pertanian dipanggil ke panggung bersama orang tuanya. Universitas Mataram kembali meluluskan ribuan mahasiswa. Rektor berpesan agar alumni siap bersaing di era digital.</p><p class=\'mb-4 text-justify\'>Diharapkan lulusan baru ini dapat membuka lapangan kerja sendiri dan tidak hanya bergantung pada lowongan PNS. Suasana haru terlihat saat wisudawan terbaik dari Fakultas Pertanian dipanggil ke panggung bersama orang tuanya.</p><p class=\'mb-4 text-justify\'>Universitas Mataram kembali meluluskan ribuan mahasiswa. Rektor berpesan agar alumni siap bersaing di era digital. Universitas Mataram kembali meluluskan ribuan mahasiswa. Rektor berpesan agar alumni siap bersaing di era digital.</p><p class=\'mb-4 text-justify\'>Suasana haru terlihat saat wisudawan terbaik dari Fakultas Pertanian dipanggil ke panggung bersama orang tuanya. Suasana haru terlihat saat wisudawan terbaik dari Fakultas Pertanian dipanggil ke panggung bersama orang tuanya.</p><p class=\'mb-4 text-justify\'>Diharapkan lulusan baru ini dapat membuka lapangan kerja sendiri dan tidak hanya bergantung pada lowongan PNS. Diharapkan lulusan baru ini dapat membuka lapangan kerja sendiri dan tidak hanya bergantung pada lowongan PNS.</p><h3 class=\'text-xl font-bold mt-6 mb-4\'>Fakta dan Data Lapangan</h3><p class=\'mb-4 text-justify\'>Universitas Mataram kembali meluluskan ribuan mahasiswa. Rektor berpesan agar alumni siap bersaing di era digital. Diharapkan lulusan baru ini dapat membuka lapangan kerja sendiri dan tidak hanya bergantung pada lowongan PNS.</p><p class=\'mb-4 text-justify\'>Suasana haru terlihat saat wisudawan terbaik dari Fakultas Pertanian dipanggil ke panggung bersama orang tuanya. Universitas Mataram kembali meluluskan ribuan mahasiswa. Rektor berpesan agar alumni siap bersaing di era digital.</p><p class=\'mb-4 text-justify\'>Diharapkan lulusan baru ini dapat membuka lapangan kerja sendiri dan tidak hanya bergantung pada lowongan PNS. Suasana haru terlihat saat wisudawan terbaik dari Fakultas Pertanian dipanggil ke panggung bersama orang tuanya.</p><p class=\'mt-6 italic text-gray-500\'>Penulis: Tim Redaksi Lombok News (Batch 3)</p>', 'https://picsum.photos/seed/ntb_4_3/800/600', 0, 0, 0, '2026-01-10 15:14:45', '2026-01-12 15:14:45', '2026-01-12 15:14:45'),
(34, 5, 1, 'Festival Peresean Digelar Meriah di Taman Budaya - Sorotan Publik', 'festival-peresean-digelar-meriah-di-taman-budaya-sorotan-publik-sKgvYf', 'Suara gamelan mengiringi pertarungan pepadu di arena Peresean. Ribuan penonton bersorak memberikan semangat....', '<p class=\'lead font-bold\'><strong>MATARAM (Lombok News)</strong> - Festival Peresean Digelar Meriah di Taman Budaya - Sorotan Publik.</p><p class=\'mb-4 text-justify\'>Suara gamelan mengiringi pertarungan pepadu di arena Peresean. Ribuan penonton bersorak memberikan semangat. Suara gamelan mengiringi pertarungan pepadu di arena Peresean. Ribuan penonton bersorak memberikan semangat.</p><p class=\'mb-4 text-justify\'>Tradisi adu ketangkasan ini digelar untuk melestarikan budaya Sasak dan menarik minat wisatawan domestik. Tradisi adu ketangkasan ini digelar untuk melestarikan budaya Sasak dan menarik minat wisatawan domestik.</p><p class=\'mb-4 text-justify\'>Meski bertarung sengit, para pepadu langsung berpelukan usai laga, menjunjung tinggi nilai persaudaraan. Tradisi adu ketangkasan ini digelar untuk melestarikan budaya Sasak dan menarik minat wisatawan domestik.</p><p class=\'mb-4 text-justify\'>Suara gamelan mengiringi pertarungan pepadu di arena Peresean. Ribuan penonton bersorak memberikan semangat. Suara gamelan mengiringi pertarungan pepadu di arena Peresean. Ribuan penonton bersorak memberikan semangat.</p><p class=\'mb-4 text-justify\'>Tradisi adu ketangkasan ini digelar untuk melestarikan budaya Sasak dan menarik minat wisatawan domestik. Meski bertarung sengit, para pepadu langsung berpelukan usai laga, menjunjung tinggi nilai persaudaraan.</p><p class=\'mb-4 text-justify\'>Meski bertarung sengit, para pepadu langsung berpelukan usai laga, menjunjung tinggi nilai persaudaraan. Tradisi adu ketangkasan ini digelar untuk melestarikan budaya Sasak dan menarik minat wisatawan domestik.</p><h3 class=\'text-xl font-bold mt-6 mb-4\'>Fakta dan Data Lapangan</h3><p class=\'mb-4 text-justify\'>Suara gamelan mengiringi pertarungan pepadu di arena Peresean. Ribuan penonton bersorak memberikan semangat. Tradisi adu ketangkasan ini digelar untuk melestarikan budaya Sasak dan menarik minat wisatawan domestik.</p><p class=\'mb-4 text-justify\'>Tradisi adu ketangkasan ini digelar untuk melestarikan budaya Sasak dan menarik minat wisatawan domestik. Meski bertarung sengit, para pepadu langsung berpelukan usai laga, menjunjung tinggi nilai persaudaraan.</p><p class=\'mb-4 text-justify\'>Meski bertarung sengit, para pepadu langsung berpelukan usai laga, menjunjung tinggi nilai persaudaraan. Suara gamelan mengiringi pertarungan pepadu di arena Peresean. Ribuan penonton bersorak memberikan semangat.</p><p class=\'mt-6 italic text-gray-500\'>Penulis: Tim Redaksi Lombok News (Batch 3)</p>', 'https://picsum.photos/seed/ntb_5_3/800/600', 0, 0, 0, '2026-01-05 15:14:45', '2026-01-12 15:14:45', '2026-01-12 15:14:45');
INSERT INTO `posts` (`id`, `category_id`, `user_id`, `title`, `slug`, `excerpt`, `body`, `image`, `is_headline`, `is_editor_choice`, `views`, `published_at`, `created_at`, `updated_at`) VALUES
(35, 1, 1, 'Gubernur NTB Resmikan Jembatan Desa Terpencil - Sorotan Publik', 'gubernur-ntb-resmikan-jembatan-desa-terpencil-sorotan-publik-CqExeU', 'Warga akhirnya bisa tersenyum lega. Jembatan penghubung desa ke pusat kota resmi dibuka oleh Gubernur hari ini....', '<p class=\'lead font-bold\'><strong>MATARAM (Lombok News)</strong> - Gubernur NTB Resmikan Jembatan Desa Terpencil - Sorotan Publik.</p><p class=\'mb-4 text-justify\'>Warga akhirnya bisa tersenyum lega. Jembatan penghubung desa ke pusat kota resmi dibuka oleh Gubernur hari ini. Warga akhirnya bisa tersenyum lega. Jembatan penghubung desa ke pusat kota resmi dibuka oleh Gubernur hari ini.</p><p class=\'mb-4 text-justify\'>Sebelumnya, warga harus menyeberang sungai deras atau memutar 10 km untuk menjual hasil bumi. Pemerintah menegaskan komitmen pemerataan pembangunan infrastruktur hingga ke pelosok tanpa terkecuali.</p><p class=\'mb-4 text-justify\'>Pemerintah menegaskan komitmen pemerataan pembangunan infrastruktur hingga ke pelosok tanpa terkecuali. Warga akhirnya bisa tersenyum lega. Jembatan penghubung desa ke pusat kota resmi dibuka oleh Gubernur hari ini.</p><p class=\'mb-4 text-justify\'>Warga akhirnya bisa tersenyum lega. Jembatan penghubung desa ke pusat kota resmi dibuka oleh Gubernur hari ini. Pemerintah menegaskan komitmen pemerataan pembangunan infrastruktur hingga ke pelosok tanpa terkecuali.</p><p class=\'mb-4 text-justify\'>Sebelumnya, warga harus menyeberang sungai deras atau memutar 10 km untuk menjual hasil bumi. Sebelumnya, warga harus menyeberang sungai deras atau memutar 10 km untuk menjual hasil bumi.</p><p class=\'mb-4 text-justify\'>Pemerintah menegaskan komitmen pemerataan pembangunan infrastruktur hingga ke pelosok tanpa terkecuali. Sebelumnya, warga harus menyeberang sungai deras atau memutar 10 km untuk menjual hasil bumi.</p><h3 class=\'text-xl font-bold mt-6 mb-4\'>Fakta dan Data Lapangan</h3><p class=\'mb-4 text-justify\'>Warga akhirnya bisa tersenyum lega. Jembatan penghubung desa ke pusat kota resmi dibuka oleh Gubernur hari ini. Sebelumnya, warga harus menyeberang sungai deras atau memutar 10 km untuk menjual hasil bumi.</p><p class=\'mb-4 text-justify\'>Sebelumnya, warga harus menyeberang sungai deras atau memutar 10 km untuk menjual hasil bumi. Sebelumnya, warga harus menyeberang sungai deras atau memutar 10 km untuk menjual hasil bumi.</p><p class=\'mb-4 text-justify\'>Pemerintah menegaskan komitmen pemerataan pembangunan infrastruktur hingga ke pelosok tanpa terkecuali. Pemerintah menegaskan komitmen pemerataan pembangunan infrastruktur hingga ke pelosok tanpa terkecuali.</p><p class=\'mt-6 italic text-gray-500\'>Penulis: Tim Redaksi Lombok News (Batch 3)</p>', 'https://picsum.photos/seed/ntb_6_3/800/600', 0, 0, 0, '2026-01-04 00:14:45', '2026-01-12 15:14:45', '2026-01-12 15:14:45'),
(36, 1, 1, 'Car Free Day Udayana Kembali Ramai Pengunjung - Sorotan Publik', 'car-free-day-udayana-kembali-ramai-pengunjung-sorotan-publik-m4OjyT', 'Jalan Udayana Mataram berubah menjadi lautan manusia. Warga antusias berolahraga pagi menikmati udara segar....', '<p class=\'lead font-bold\'><strong>MATARAM (Lombok News)</strong> - Car Free Day Udayana Kembali Ramai Pengunjung - Sorotan Publik.</p><p class=\'mb-4 text-justify\'>Jalan Udayana Mataram berubah menjadi lautan manusia. Warga antusias berolahraga pagi menikmati udara segar. Dishub menutup akses kendaraan total selama 3 jam untuk menjamin keamanan pejalan kaki dan pesepeda.</p><p class=\'mb-4 text-justify\'>Pedagang kuliner lokal laris manis. Sate bulayak dan pelecing kangkung menjadi primadona sarapan warga. Pedagang kuliner lokal laris manis. Sate bulayak dan pelecing kangkung menjadi primadona sarapan warga.</p><p class=\'mb-4 text-justify\'>Dishub menutup akses kendaraan total selama 3 jam untuk menjamin keamanan pejalan kaki dan pesepeda. Jalan Udayana Mataram berubah menjadi lautan manusia. Warga antusias berolahraga pagi menikmati udara segar.</p><p class=\'mb-4 text-justify\'>Jalan Udayana Mataram berubah menjadi lautan manusia. Warga antusias berolahraga pagi menikmati udara segar. Dishub menutup akses kendaraan total selama 3 jam untuk menjamin keamanan pejalan kaki dan pesepeda.</p><p class=\'mb-4 text-justify\'>Pedagang kuliner lokal laris manis. Sate bulayak dan pelecing kangkung menjadi primadona sarapan warga. Jalan Udayana Mataram berubah menjadi lautan manusia. Warga antusias berolahraga pagi menikmati udara segar.</p><p class=\'mb-4 text-justify\'>Dishub menutup akses kendaraan total selama 3 jam untuk menjamin keamanan pejalan kaki dan pesepeda. Pedagang kuliner lokal laris manis. Sate bulayak dan pelecing kangkung menjadi primadona sarapan warga.</p><h3 class=\'text-xl font-bold mt-6 mb-4\'>Fakta dan Data Lapangan</h3><p class=\'mb-4 text-justify\'>Jalan Udayana Mataram berubah menjadi lautan manusia. Warga antusias berolahraga pagi menikmati udara segar. Pedagang kuliner lokal laris manis. Sate bulayak dan pelecing kangkung menjadi primadona sarapan warga.</p><p class=\'mb-4 text-justify\'>Pedagang kuliner lokal laris manis. Sate bulayak dan pelecing kangkung menjadi primadona sarapan warga. Pedagang kuliner lokal laris manis. Sate bulayak dan pelecing kangkung menjadi primadona sarapan warga.</p><p class=\'mb-4 text-justify\'>Dishub menutup akses kendaraan total selama 3 jam untuk menjamin keamanan pejalan kaki dan pesepeda. Dishub menutup akses kendaraan total selama 3 jam untuk menjamin keamanan pejalan kaki dan pesepeda.</p><p class=\'mt-6 italic text-gray-500\'>Penulis: Tim Redaksi Lombok News (Batch 3)</p>', 'https://picsum.photos/seed/ntb_7_3/800/600', 0, 0, 0, '2026-01-08 15:14:45', '2026-01-12 15:14:45', '2026-01-12 15:14:45'),
(37, 3, 1, 'DPRD Soroti Jalan Rusak di Kawasan Sekotong - Sorotan Publik', 'dprd-soroti-jalan-rusak-di-kawasan-sekotong-sorotan-publik-NQ2nFP', 'Komisi IV DPRD NTB melakukan sidak ke Lombok Barat menyusul laporan warga tentang jalan berlubang....', '<p class=\'lead font-bold\'><strong>MATARAM (Lombok News)</strong> - DPRD Soroti Jalan Rusak di Kawasan Sekotong - Sorotan Publik.</p><p class=\'mb-4 text-justify\'>Komisi IV DPRD NTB melakukan sidak ke Lombok Barat menyusul laporan warga tentang jalan berlubang. Dewan mendesak Dinas PUPR segera melakukan perbaikan sebelum jatuh korban jiwa, apalagi ini jalur wisata.</p><p class=\'mb-4 text-justify\'>Dewan mendesak Dinas PUPR segera melakukan perbaikan sebelum jatuh korban jiwa, apalagi ini jalur wisata. Dewan mendesak Dinas PUPR segera melakukan perbaikan sebelum jatuh korban jiwa, apalagi ini jalur wisata.</p><p class=\'mb-4 text-justify\'>Warga mengancam akan menanam pohon pisang di tengah jalan jika perbaikan tidak segera dilakukan. Komisi IV DPRD NTB melakukan sidak ke Lombok Barat menyusul laporan warga tentang jalan berlubang.</p><p class=\'mb-4 text-justify\'>Komisi IV DPRD NTB melakukan sidak ke Lombok Barat menyusul laporan warga tentang jalan berlubang. Dewan mendesak Dinas PUPR segera melakukan perbaikan sebelum jatuh korban jiwa, apalagi ini jalur wisata.</p><p class=\'mb-4 text-justify\'>Dewan mendesak Dinas PUPR segera melakukan perbaikan sebelum jatuh korban jiwa, apalagi ini jalur wisata. Komisi IV DPRD NTB melakukan sidak ke Lombok Barat menyusul laporan warga tentang jalan berlubang.</p><p class=\'mb-4 text-justify\'>Warga mengancam akan menanam pohon pisang di tengah jalan jika perbaikan tidak segera dilakukan. Dewan mendesak Dinas PUPR segera melakukan perbaikan sebelum jatuh korban jiwa, apalagi ini jalur wisata.</p><h3 class=\'text-xl font-bold mt-6 mb-4\'>Fakta dan Data Lapangan</h3><p class=\'mb-4 text-justify\'>Komisi IV DPRD NTB melakukan sidak ke Lombok Barat menyusul laporan warga tentang jalan berlubang. Komisi IV DPRD NTB melakukan sidak ke Lombok Barat menyusul laporan warga tentang jalan berlubang.</p><p class=\'mb-4 text-justify\'>Dewan mendesak Dinas PUPR segera melakukan perbaikan sebelum jatuh korban jiwa, apalagi ini jalur wisata. Dewan mendesak Dinas PUPR segera melakukan perbaikan sebelum jatuh korban jiwa, apalagi ini jalur wisata.</p><p class=\'mb-4 text-justify\'>Warga mengancam akan menanam pohon pisang di tengah jalan jika perbaikan tidak segera dilakukan. Komisi IV DPRD NTB melakukan sidak ke Lombok Barat menyusul laporan warga tentang jalan berlubang.</p><p class=\'mt-6 italic text-gray-500\'>Penulis: Tim Redaksi Lombok News (Batch 3)</p>', 'https://picsum.photos/seed/ntb_8_3/800/600', 0, 0, 0, '2026-01-02 00:14:45', '2026-01-12 15:14:45', '2026-01-12 15:14:45'),
(38, 2, 1, 'Razia Knalpot Brong di Mataram, Puluhan Motor Diamankan - Sorotan Publik', 'razia-knalpot-brong-di-mataram-puluhan-motor-diamankan-sorotan-publik-puRyPX', 'Satlantas Polresta Mataram menggelar razia balap liar dan knalpot bising yang meresahkan warga saat malam hari....', '<p class=\'lead font-bold\'><strong>MATARAM (Lombok News)</strong> - Razia Knalpot Brong di Mataram, Puluhan Motor Diamankan - Sorotan Publik.</p><p class=\'mb-4 text-justify\'>Satlantas Polresta Mataram menggelar razia balap liar dan knalpot bising yang meresahkan warga saat malam hari. Puluhan remaja terjaring razia. Mereka diwajibkan mengganti knalpot standar dan memusnahkan knalpot brong sendiri.</p><p class=\'mb-4 text-justify\'>Puluhan remaja terjaring razia. Mereka diwajibkan mengganti knalpot standar dan memusnahkan knalpot brong sendiri. Polisi menegaskan tidak ada toleransi bagi pelanggar ketertiban umum di jalan raya.</p><p class=\'mb-4 text-justify\'>Polisi menegaskan tidak ada toleransi bagi pelanggar ketertiban umum di jalan raya. Puluhan remaja terjaring razia. Mereka diwajibkan mengganti knalpot standar dan memusnahkan knalpot brong sendiri.</p><p class=\'mb-4 text-justify\'>Satlantas Polresta Mataram menggelar razia balap liar dan knalpot bising yang meresahkan warga saat malam hari. Puluhan remaja terjaring razia. Mereka diwajibkan mengganti knalpot standar dan memusnahkan knalpot brong sendiri.</p><p class=\'mb-4 text-justify\'>Puluhan remaja terjaring razia. Mereka diwajibkan mengganti knalpot standar dan memusnahkan knalpot brong sendiri. Puluhan remaja terjaring razia. Mereka diwajibkan mengganti knalpot standar dan memusnahkan knalpot brong sendiri.</p><p class=\'mb-4 text-justify\'>Polisi menegaskan tidak ada toleransi bagi pelanggar ketertiban umum di jalan raya. Satlantas Polresta Mataram menggelar razia balap liar dan knalpot bising yang meresahkan warga saat malam hari.</p><h3 class=\'text-xl font-bold mt-6 mb-4\'>Fakta dan Data Lapangan</h3><p class=\'mb-4 text-justify\'>Satlantas Polresta Mataram menggelar razia balap liar dan knalpot bising yang meresahkan warga saat malam hari. Satlantas Polresta Mataram menggelar razia balap liar dan knalpot bising yang meresahkan warga saat malam hari.</p><p class=\'mb-4 text-justify\'>Puluhan remaja terjaring razia. Mereka diwajibkan mengganti knalpot standar dan memusnahkan knalpot brong sendiri. Puluhan remaja terjaring razia. Mereka diwajibkan mengganti knalpot standar dan memusnahkan knalpot brong sendiri.</p><p class=\'mb-4 text-justify\'>Polisi menegaskan tidak ada toleransi bagi pelanggar ketertiban umum di jalan raya. Puluhan remaja terjaring razia. Mereka diwajibkan mengganti knalpot standar dan memusnahkan knalpot brong sendiri.</p><p class=\'mt-6 italic text-gray-500\'>Penulis: Tim Redaksi Lombok News (Batch 3)</p>', 'https://picsum.photos/seed/ntb_9_3/800/600', 0, 0, 0, '2026-01-04 19:14:46', '2026-01-12 15:14:46', '2026-01-12 15:14:46'),
(39, 10, 1, 'Anak Muda Lombok Ciptakan Aplikasi E-Commerce Lokal - Sorotan Publik', 'anak-muda-lombok-ciptakan-aplikasi-e-commerce-lokal-sorotan-publik-WUvSN5', 'Sekelompok mahasiswa STMIK di Mataram meluncurkan startup baru yang fokus memasarkan produk UMKM NTB....', '<p class=\'lead font-bold\'><strong>MATARAM (Lombok News)</strong> - Anak Muda Lombok Ciptakan Aplikasi E-Commerce Lokal - Sorotan Publik.</p><p class=\'mb-4 text-justify\'>Sekelompok mahasiswa STMIK di Mataram meluncurkan startup baru yang fokus memasarkan produk UMKM NTB. Sekelompok mahasiswa STMIK di Mataram meluncurkan startup baru yang fokus memasarkan produk UMKM NTB.</p><p class=\'mb-4 text-justify\'>Aplikasi ini diharapkan membantu pengrajin tenun dan mutiara menjangkau pasar internasional dengan mudah. Aplikasi ini diharapkan membantu pengrajin tenun dan mutiara menjangkau pasar internasional dengan mudah.</p><p class=\'mb-4 text-justify\'>Dinas Perindustrian memberikan apresiasi dan janji pendampingan inkubasi bisnis bagi startup lokal ini. Sekelompok mahasiswa STMIK di Mataram meluncurkan startup baru yang fokus memasarkan produk UMKM NTB.</p><p class=\'mb-4 text-justify\'>Sekelompok mahasiswa STMIK di Mataram meluncurkan startup baru yang fokus memasarkan produk UMKM NTB. Sekelompok mahasiswa STMIK di Mataram meluncurkan startup baru yang fokus memasarkan produk UMKM NTB.</p><p class=\'mb-4 text-justify\'>Aplikasi ini diharapkan membantu pengrajin tenun dan mutiara menjangkau pasar internasional dengan mudah. Sekelompok mahasiswa STMIK di Mataram meluncurkan startup baru yang fokus memasarkan produk UMKM NTB.</p><p class=\'mb-4 text-justify\'>Dinas Perindustrian memberikan apresiasi dan janji pendampingan inkubasi bisnis bagi startup lokal ini. Dinas Perindustrian memberikan apresiasi dan janji pendampingan inkubasi bisnis bagi startup lokal ini.</p><h3 class=\'text-xl font-bold mt-6 mb-4\'>Fakta dan Data Lapangan</h3><p class=\'mb-4 text-justify\'>Sekelompok mahasiswa STMIK di Mataram meluncurkan startup baru yang fokus memasarkan produk UMKM NTB. Sekelompok mahasiswa STMIK di Mataram meluncurkan startup baru yang fokus memasarkan produk UMKM NTB.</p><p class=\'mb-4 text-justify\'>Aplikasi ini diharapkan membantu pengrajin tenun dan mutiara menjangkau pasar internasional dengan mudah. Dinas Perindustrian memberikan apresiasi dan janji pendampingan inkubasi bisnis bagi startup lokal ini.</p><p class=\'mb-4 text-justify\'>Dinas Perindustrian memberikan apresiasi dan janji pendampingan inkubasi bisnis bagi startup lokal ini. Aplikasi ini diharapkan membantu pengrajin tenun dan mutiara menjangkau pasar internasional dengan mudah.</p><p class=\'mt-6 italic text-gray-500\'>Penulis: Tim Redaksi Lombok News (Batch 3)</p>', 'https://picsum.photos/seed/ntb_10_3/800/600', 0, 0, 0, '2026-01-08 10:14:46', '2026-01-12 15:14:46', '2026-01-12 15:14:46'),
(40, 9, 1, 'RSUD Provinsi NTB Tambah Fasilitas Operasi Jantung - Sorotan Publik', 'rsud-provinsi-ntb-tambah-fasilitas-operasi-jantung-sorotan-publik-os6dKK', 'Kabar gembira bagi warga NTB. RSUD Provinsi kini memiliki alat canggih untuk operasi pasang ring jantung....', '<p class=\'lead font-bold\'><strong>MATARAM (Lombok News)</strong> - RSUD Provinsi NTB Tambah Fasilitas Operasi Jantung - Sorotan Publik.</p><p class=\'mb-4 text-justify\'>Kabar gembira bagi warga NTB. RSUD Provinsi kini memiliki alat canggih untuk operasi pasang ring jantung. Gubernur berharap peningkatan layanan ini diimbangi dengan keramahan tenaga medis kepada pasien.</p><p class=\'mb-4 text-justify\'>Pasien tidak perlu lagi dirujuk ke Bali atau Jawa, sehingga biaya pengobatan bisa lebih hemat. Gubernur berharap peningkatan layanan ini diimbangi dengan keramahan tenaga medis kepada pasien.</p><p class=\'mb-4 text-justify\'>Gubernur berharap peningkatan layanan ini diimbangi dengan keramahan tenaga medis kepada pasien. Kabar gembira bagi warga NTB. RSUD Provinsi kini memiliki alat canggih untuk operasi pasang ring jantung.</p><p class=\'mb-4 text-justify\'>Kabar gembira bagi warga NTB. RSUD Provinsi kini memiliki alat canggih untuk operasi pasang ring jantung. Gubernur berharap peningkatan layanan ini diimbangi dengan keramahan tenaga medis kepada pasien.</p><p class=\'mb-4 text-justify\'>Pasien tidak perlu lagi dirujuk ke Bali atau Jawa, sehingga biaya pengobatan bisa lebih hemat. Gubernur berharap peningkatan layanan ini diimbangi dengan keramahan tenaga medis kepada pasien.</p><p class=\'mb-4 text-justify\'>Gubernur berharap peningkatan layanan ini diimbangi dengan keramahan tenaga medis kepada pasien. Kabar gembira bagi warga NTB. RSUD Provinsi kini memiliki alat canggih untuk operasi pasang ring jantung.</p><h3 class=\'text-xl font-bold mt-6 mb-4\'>Fakta dan Data Lapangan</h3><p class=\'mb-4 text-justify\'>Kabar gembira bagi warga NTB. RSUD Provinsi kini memiliki alat canggih untuk operasi pasang ring jantung. Gubernur berharap peningkatan layanan ini diimbangi dengan keramahan tenaga medis kepada pasien.</p><p class=\'mb-4 text-justify\'>Pasien tidak perlu lagi dirujuk ke Bali atau Jawa, sehingga biaya pengobatan bisa lebih hemat. Kabar gembira bagi warga NTB. RSUD Provinsi kini memiliki alat canggih untuk operasi pasang ring jantung.</p><p class=\'mb-4 text-justify\'>Gubernur berharap peningkatan layanan ini diimbangi dengan keramahan tenaga medis kepada pasien. Kabar gembira bagi warga NTB. RSUD Provinsi kini memiliki alat canggih untuk operasi pasang ring jantung.</p><p class=\'mt-6 italic text-gray-500\'>Penulis: Tim Redaksi Lombok News (Batch 3)</p>', 'https://picsum.photos/seed/ntb_11_3/800/600', 0, 0, 0, '2026-01-02 03:14:46', '2026-01-12 15:14:46', '2026-01-12 15:14:46'),
(41, 6, 1, 'Pesona Bukit Merese Jadi Spot Sunset Terbaik - Sorotan Publik', 'pesona-bukit-merese-jadi-spot-sunset-terbaik-sorotan-publik-7otkIq', 'Bukit Merese di Kuta Mandalika tak pernah sepi pengunjung jelang sore hari. Pemandangan laut lepas memukau mata....', '<p class=\'lead font-bold\'><strong>MATARAM (Lombok News)</strong> - Pesona Bukit Merese Jadi Spot Sunset Terbaik - Sorotan Publik.</p><p class=\'mb-4 text-justify\'>Bukit Merese di Kuta Mandalika tak pernah sepi pengunjung jelang sore hari. Pemandangan laut lepas memukau mata. Banyak konten kreator menjadikan lokasi ini sebagai latar video estetik mereka.</p><p class=\'mb-4 text-justify\'>Banyak konten kreator menjadikan lokasi ini sebagai latar video estetik mereka. Pengelola parkir menghimbau pengunjung tetap menjaga kebersihan dan tidak membuang sampah plastik sembarangan.</p><p class=\'mb-4 text-justify\'>Pengelola parkir menghimbau pengunjung tetap menjaga kebersihan dan tidak membuang sampah plastik sembarangan. Pengelola parkir menghimbau pengunjung tetap menjaga kebersihan dan tidak membuang sampah plastik sembarangan.</p><p class=\'mb-4 text-justify\'>Bukit Merese di Kuta Mandalika tak pernah sepi pengunjung jelang sore hari. Pemandangan laut lepas memukau mata. Bukit Merese di Kuta Mandalika tak pernah sepi pengunjung jelang sore hari. Pemandangan laut lepas memukau mata.</p><p class=\'mb-4 text-justify\'>Banyak konten kreator menjadikan lokasi ini sebagai latar video estetik mereka. Banyak konten kreator menjadikan lokasi ini sebagai latar video estetik mereka.</p><p class=\'mb-4 text-justify\'>Pengelola parkir menghimbau pengunjung tetap menjaga kebersihan dan tidak membuang sampah plastik sembarangan. Bukit Merese di Kuta Mandalika tak pernah sepi pengunjung jelang sore hari. Pemandangan laut lepas memukau mata.</p><h3 class=\'text-xl font-bold mt-6 mb-4\'>Fakta dan Data Lapangan</h3><p class=\'mb-4 text-justify\'>Bukit Merese di Kuta Mandalika tak pernah sepi pengunjung jelang sore hari. Pemandangan laut lepas memukau mata. Banyak konten kreator menjadikan lokasi ini sebagai latar video estetik mereka.</p><p class=\'mb-4 text-justify\'>Banyak konten kreator menjadikan lokasi ini sebagai latar video estetik mereka. Bukit Merese di Kuta Mandalika tak pernah sepi pengunjung jelang sore hari. Pemandangan laut lepas memukau mata.</p><p class=\'mb-4 text-justify\'>Pengelola parkir menghimbau pengunjung tetap menjaga kebersihan dan tidak membuang sampah plastik sembarangan. Banyak konten kreator menjadikan lokasi ini sebagai latar video estetik mereka.</p><p class=\'mt-6 italic text-gray-500\'>Penulis: Tim Redaksi Lombok News (Batch 3)</p>', 'https://picsum.photos/seed/ntb_12_3/800/600', 0, 0, 0, '2025-12-31 12:14:46', '2026-01-12 15:14:46', '2026-01-12 15:14:46'),
(42, 7, 1, 'Ekspor Manggis Lombok Tembus Pasar China - Sorotan Publik', 'ekspor-manggis-lombok-tembus-pasar-china-sorotan-publik-QRJwvt', 'Petani manggis di Narmada sumringah. Hasil panen mereka tahun ini berhasil diekspor langsung ke Tiongkok....', '<p class=\'lead font-bold\'><strong>MATARAM (Lombok News)</strong> - Ekspor Manggis Lombok Tembus Pasar China - Sorotan Publik.</p><p class=\'mb-4 text-justify\'>Petani manggis di Narmada sumringah. Hasil panen mereka tahun ini berhasil diekspor langsung ke Tiongkok. Nilai transaksi ekspor ini mencapai miliaran rupiah, mendongkrak devisa daerah secara signifikan.</p><p class=\'mb-4 text-justify\'>Kualitas buah lokal dinilai sangat kompetitif. Dinas Pertanian terus melakukan pendampingan SOP pasca panen. Petani manggis di Narmada sumringah. Hasil panen mereka tahun ini berhasil diekspor langsung ke Tiongkok.</p><p class=\'mb-4 text-justify\'>Nilai transaksi ekspor ini mencapai miliaran rupiah, mendongkrak devisa daerah secara signifikan. Petani manggis di Narmada sumringah. Hasil panen mereka tahun ini berhasil diekspor langsung ke Tiongkok.</p><p class=\'mb-4 text-justify\'>Petani manggis di Narmada sumringah. Hasil panen mereka tahun ini berhasil diekspor langsung ke Tiongkok. Kualitas buah lokal dinilai sangat kompetitif. Dinas Pertanian terus melakukan pendampingan SOP pasca panen.</p><p class=\'mb-4 text-justify\'>Kualitas buah lokal dinilai sangat kompetitif. Dinas Pertanian terus melakukan pendampingan SOP pasca panen. Petani manggis di Narmada sumringah. Hasil panen mereka tahun ini berhasil diekspor langsung ke Tiongkok.</p><p class=\'mb-4 text-justify\'>Nilai transaksi ekspor ini mencapai miliaran rupiah, mendongkrak devisa daerah secara signifikan. Nilai transaksi ekspor ini mencapai miliaran rupiah, mendongkrak devisa daerah secara signifikan.</p><h3 class=\'text-xl font-bold mt-6 mb-4\'>Fakta dan Data Lapangan</h3><p class=\'mb-4 text-justify\'>Petani manggis di Narmada sumringah. Hasil panen mereka tahun ini berhasil diekspor langsung ke Tiongkok. Kualitas buah lokal dinilai sangat kompetitif. Dinas Pertanian terus melakukan pendampingan SOP pasca panen.</p><p class=\'mb-4 text-justify\'>Kualitas buah lokal dinilai sangat kompetitif. Dinas Pertanian terus melakukan pendampingan SOP pasca panen. Nilai transaksi ekspor ini mencapai miliaran rupiah, mendongkrak devisa daerah secara signifikan.</p><p class=\'mb-4 text-justify\'>Nilai transaksi ekspor ini mencapai miliaran rupiah, mendongkrak devisa daerah secara signifikan. Kualitas buah lokal dinilai sangat kompetitif. Dinas Pertanian terus melakukan pendampingan SOP pasca panen.</p><p class=\'mt-6 italic text-gray-500\'>Penulis: Tim Redaksi Lombok News (Batch 3)</p>', 'https://picsum.photos/seed/ntb_13_3/800/600', 0, 0, 0, '2026-01-02 15:14:46', '2026-01-12 15:14:46', '2026-01-12 15:14:46'),
(43, 4, 1, 'Sirkuit Mandalika Siap Gelar MotoGP 2026 : Analisis Mendalam', 'sirkuit-mandalika-siap-gelar-motogp-2026-analisis-mendalam-CEI1l6', 'Aktivitas di Sirkuit Internasional Mandalika semakin padat. Truk logistik tim balap mulai berdatangan di Bandara BIZAM....', '<p class=\'lead font-bold\'><strong>MATARAM (Lombok News)</strong> - Sirkuit Mandalika Siap Gelar MotoGP 2026 : Analisis Mendalam.</p><p class=\'mb-4 text-justify\'>Aktivitas di Sirkuit Internasional Mandalika semakin padat. Truk logistik tim balap mulai berdatangan di Bandara BIZAM. Antusiasme warga lokal sangat tinggi menyambut ribuan wisatawan mancanegara yang diprediksi membanjiri Lombok Tengah.</p><p class=\'mb-4 text-justify\'>Direktur MGPA memastikan kesiapan lintasan sudah 100 persen. Pengecatan kerb dan perbaikan drainase telah rampung. Aktivitas di Sirkuit Internasional Mandalika semakin padat. Truk logistik tim balap mulai berdatangan di Bandara BIZAM.</p><p class=\'mb-4 text-justify\'>Antusiasme warga lokal sangat tinggi menyambut ribuan wisatawan mancanegara yang diprediksi membanjiri Lombok Tengah. Aktivitas di Sirkuit Internasional Mandalika semakin padat. Truk logistik tim balap mulai berdatangan di Bandara BIZAM.</p><p class=\'mb-4 text-justify\'>Aktivitas di Sirkuit Internasional Mandalika semakin padat. Truk logistik tim balap mulai berdatangan di Bandara BIZAM. Direktur MGPA memastikan kesiapan lintasan sudah 100 persen. Pengecatan kerb dan perbaikan drainase telah rampung.</p><p class=\'mb-4 text-justify\'>Direktur MGPA memastikan kesiapan lintasan sudah 100 persen. Pengecatan kerb dan perbaikan drainase telah rampung. Aktivitas di Sirkuit Internasional Mandalika semakin padat. Truk logistik tim balap mulai berdatangan di Bandara BIZAM.</p><p class=\'mb-4 text-justify\'>Antusiasme warga lokal sangat tinggi menyambut ribuan wisatawan mancanegara yang diprediksi membanjiri Lombok Tengah. Antusiasme warga lokal sangat tinggi menyambut ribuan wisatawan mancanegara yang diprediksi membanjiri Lombok Tengah.</p><h3 class=\'text-xl font-bold mt-6 mb-4\'>Fakta dan Data Lapangan</h3><p class=\'mb-4 text-justify\'>Aktivitas di Sirkuit Internasional Mandalika semakin padat. Truk logistik tim balap mulai berdatangan di Bandara BIZAM. Direktur MGPA memastikan kesiapan lintasan sudah 100 persen. Pengecatan kerb dan perbaikan drainase telah rampung.</p><p class=\'mb-4 text-justify\'>Direktur MGPA memastikan kesiapan lintasan sudah 100 persen. Pengecatan kerb dan perbaikan drainase telah rampung. Direktur MGPA memastikan kesiapan lintasan sudah 100 persen. Pengecatan kerb dan perbaikan drainase telah rampung.</p><p class=\'mb-4 text-justify\'>Antusiasme warga lokal sangat tinggi menyambut ribuan wisatawan mancanegara yang diprediksi membanjiri Lombok Tengah. Direktur MGPA memastikan kesiapan lintasan sudah 100 persen. Pengecatan kerb dan perbaikan drainase telah rampung.</p><p class=\'mt-6 italic text-gray-500\'>Penulis: Tim Redaksi Lombok News (Batch 4)</p>', 'https://picsum.photos/seed/ntb_0_4/800/600', 0, 0, 0, '2026-01-03 15:14:46', '2026-01-12 15:14:46', '2026-01-12 15:14:46'),
(44, 7, 1, 'Harga Cabai di Pasar Mandalika Melonjak Drastis : Analisis Mendalam', 'harga-cabai-di-pasar-mandalika-melonjak-drastis-analisis-mendalam-l7MeR1', 'Ibu rumah tangga di Mataram mengeluhkan kenaikan harga bahan pokok. Cabai rawit kini tembus Rp 90.000 per kilogram....', '<p class=\'lead font-bold\'><strong>MATARAM (Lombok News)</strong> - Harga Cabai di Pasar Mandalika Melonjak Drastis : Analisis Mendalam.</p><p class=\'mb-4 text-justify\'>Ibu rumah tangga di Mataram mengeluhkan kenaikan harga bahan pokok. Cabai rawit kini tembus Rp 90.000 per kilogram. Pedagang mengaku omzet menurun karena pembeli mengurangi belanjaan. Stok dari petani menipis akibat cuaca buruk.</p><p class=\'mb-4 text-justify\'>Pedagang mengaku omzet menurun karena pembeli mengurangi belanjaan. Stok dari petani menipis akibat cuaca buruk. Pemerintah Provinsi NTB berjanji segera menggelar operasi pasar murah untuk menstabilkan harga jelang hari raya.</p><p class=\'mb-4 text-justify\'>Pemerintah Provinsi NTB berjanji segera menggelar operasi pasar murah untuk menstabilkan harga jelang hari raya. Pedagang mengaku omzet menurun karena pembeli mengurangi belanjaan. Stok dari petani menipis akibat cuaca buruk.</p><p class=\'mb-4 text-justify\'>Ibu rumah tangga di Mataram mengeluhkan kenaikan harga bahan pokok. Cabai rawit kini tembus Rp 90.000 per kilogram. Pemerintah Provinsi NTB berjanji segera menggelar operasi pasar murah untuk menstabilkan harga jelang hari raya.</p><p class=\'mb-4 text-justify\'>Pedagang mengaku omzet menurun karena pembeli mengurangi belanjaan. Stok dari petani menipis akibat cuaca buruk. Pedagang mengaku omzet menurun karena pembeli mengurangi belanjaan. Stok dari petani menipis akibat cuaca buruk.</p><p class=\'mb-4 text-justify\'>Pemerintah Provinsi NTB berjanji segera menggelar operasi pasar murah untuk menstabilkan harga jelang hari raya. Ibu rumah tangga di Mataram mengeluhkan kenaikan harga bahan pokok. Cabai rawit kini tembus Rp 90.000 per kilogram.</p><h3 class=\'text-xl font-bold mt-6 mb-4\'>Fakta dan Data Lapangan</h3><p class=\'mb-4 text-justify\'>Ibu rumah tangga di Mataram mengeluhkan kenaikan harga bahan pokok. Cabai rawit kini tembus Rp 90.000 per kilogram. Pedagang mengaku omzet menurun karena pembeli mengurangi belanjaan. Stok dari petani menipis akibat cuaca buruk.</p><p class=\'mb-4 text-justify\'>Pedagang mengaku omzet menurun karena pembeli mengurangi belanjaan. Stok dari petani menipis akibat cuaca buruk. Pemerintah Provinsi NTB berjanji segera menggelar operasi pasar murah untuk menstabilkan harga jelang hari raya.</p><p class=\'mb-4 text-justify\'>Pemerintah Provinsi NTB berjanji segera menggelar operasi pasar murah untuk menstabilkan harga jelang hari raya. Ibu rumah tangga di Mataram mengeluhkan kenaikan harga bahan pokok. Cabai rawit kini tembus Rp 90.000 per kilogram.</p><p class=\'mt-6 italic text-gray-500\'>Penulis: Tim Redaksi Lombok News (Batch 4)</p>', 'https://picsum.photos/seed/ntb_1_4/800/600', 0, 0, 0, '2026-01-07 20:14:46', '2026-01-12 15:14:46', '2026-01-12 15:14:46'),
(45, 2, 1, 'Polres Loteng Gagalkan Penyelundupan Benih Lobster : Analisis Mendalam', 'polres-loteng-gagalkan-penyelundupan-benih-lobster-analisis-mendalam-6gQZwx', 'Tim Opsnal Polres Lombok Tengah berhasil menggagalkan pengiriman 5.000 ekor benih lobster ilegal tujuan luar negeri....', '<p class=\'lead font-bold\'><strong>MATARAM (Lombok News)</strong> - Polres Loteng Gagalkan Penyelundupan Benih Lobster : Analisis Mendalam.</p><p class=\'mb-4 text-justify\'>Tim Opsnal Polres Lombok Tengah berhasil menggagalkan pengiriman 5.000 ekor benih lobster ilegal tujuan luar negeri. Pelaku ditangkap di sebuah gudang tersembunyi di Praya Barat. Barang bukti box sterofoam diamankan polisi.</p><p class=\'mb-4 text-justify\'>Pelaku ditangkap di sebuah gudang tersembunyi di Praya Barat. Barang bukti box sterofoam diamankan polisi. Pelaku ditangkap di sebuah gudang tersembunyi di Praya Barat. Barang bukti box sterofoam diamankan polisi.</p><p class=\'mb-4 text-justify\'>Pelaku terancam hukuman penjara 5 tahun sesuai UU Perikanan. Polisi masih memburu otak sindikat ini. Pelaku terancam hukuman penjara 5 tahun sesuai UU Perikanan. Polisi masih memburu otak sindikat ini.</p><p class=\'mb-4 text-justify\'>Tim Opsnal Polres Lombok Tengah berhasil menggagalkan pengiriman 5.000 ekor benih lobster ilegal tujuan luar negeri. Pelaku terancam hukuman penjara 5 tahun sesuai UU Perikanan. Polisi masih memburu otak sindikat ini.</p><p class=\'mb-4 text-justify\'>Pelaku ditangkap di sebuah gudang tersembunyi di Praya Barat. Barang bukti box sterofoam diamankan polisi. Tim Opsnal Polres Lombok Tengah berhasil menggagalkan pengiriman 5.000 ekor benih lobster ilegal tujuan luar negeri.</p><p class=\'mb-4 text-justify\'>Pelaku terancam hukuman penjara 5 tahun sesuai UU Perikanan. Polisi masih memburu otak sindikat ini. Pelaku ditangkap di sebuah gudang tersembunyi di Praya Barat. Barang bukti box sterofoam diamankan polisi.</p><h3 class=\'text-xl font-bold mt-6 mb-4\'>Fakta dan Data Lapangan</h3><p class=\'mb-4 text-justify\'>Tim Opsnal Polres Lombok Tengah berhasil menggagalkan pengiriman 5.000 ekor benih lobster ilegal tujuan luar negeri. Pelaku terancam hukuman penjara 5 tahun sesuai UU Perikanan. Polisi masih memburu otak sindikat ini.</p><p class=\'mb-4 text-justify\'>Pelaku ditangkap di sebuah gudang tersembunyi di Praya Barat. Barang bukti box sterofoam diamankan polisi. Pelaku terancam hukuman penjara 5 tahun sesuai UU Perikanan. Polisi masih memburu otak sindikat ini.</p><p class=\'mb-4 text-justify\'>Pelaku terancam hukuman penjara 5 tahun sesuai UU Perikanan. Polisi masih memburu otak sindikat ini. Pelaku terancam hukuman penjara 5 tahun sesuai UU Perikanan. Polisi masih memburu otak sindikat ini.</p><p class=\'mt-6 italic text-gray-500\'>Penulis: Tim Redaksi Lombok News (Batch 4)</p>', 'https://picsum.photos/seed/ntb_2_4/800/600', 0, 0, 0, '2026-01-11 21:14:46', '2026-01-12 15:14:46', '2026-01-12 15:14:46'),
(46, 6, 1, 'Gili Trawangan Dipadati Turis Asing Akhir Pekan Ini : Analisis Mendalam', 'gili-trawangan-dipadati-turis-asing-akhir-pekan-ini-analisis-mendalam-Tb2oXb', 'Pelabuhan Bangsal terlihat padat merayap. Ribuan wisatawan antre menyeberang ke Gili Trawangan sejak pagi buta....', '<p class=\'lead font-bold\'><strong>MATARAM (Lombok News)</strong> - Gili Trawangan Dipadati Turis Asing Akhir Pekan Ini : Analisis Mendalam.</p><p class=\'mb-4 text-justify\'>Pelabuhan Bangsal terlihat padat merayap. Ribuan wisatawan antre menyeberang ke Gili Trawangan sejak pagi buta. Okupansi hotel dilaporkan mencapai 95 persen. Ini rekor tertinggi pasca pemulihan pariwisata daerah.</p><p class=\'mb-4 text-justify\'>Okupansi hotel dilaporkan mencapai 95 persen. Ini rekor tertinggi pasca pemulihan pariwisata daerah. Wisatawan tampak menikmati snorkeling dan bersepeda. Pihak keamanan desa adat meningkatkan patroli kenyamanan.</p><p class=\'mb-4 text-justify\'>Wisatawan tampak menikmati snorkeling dan bersepeda. Pihak keamanan desa adat meningkatkan patroli kenyamanan. Pelabuhan Bangsal terlihat padat merayap. Ribuan wisatawan antre menyeberang ke Gili Trawangan sejak pagi buta.</p><p class=\'mb-4 text-justify\'>Pelabuhan Bangsal terlihat padat merayap. Ribuan wisatawan antre menyeberang ke Gili Trawangan sejak pagi buta. Pelabuhan Bangsal terlihat padat merayap. Ribuan wisatawan antre menyeberang ke Gili Trawangan sejak pagi buta.</p><p class=\'mb-4 text-justify\'>Okupansi hotel dilaporkan mencapai 95 persen. Ini rekor tertinggi pasca pemulihan pariwisata daerah. Okupansi hotel dilaporkan mencapai 95 persen. Ini rekor tertinggi pasca pemulihan pariwisata daerah.</p><p class=\'mb-4 text-justify\'>Wisatawan tampak menikmati snorkeling dan bersepeda. Pihak keamanan desa adat meningkatkan patroli kenyamanan. Okupansi hotel dilaporkan mencapai 95 persen. Ini rekor tertinggi pasca pemulihan pariwisata daerah.</p><h3 class=\'text-xl font-bold mt-6 mb-4\'>Fakta dan Data Lapangan</h3><p class=\'mb-4 text-justify\'>Pelabuhan Bangsal terlihat padat merayap. Ribuan wisatawan antre menyeberang ke Gili Trawangan sejak pagi buta. Okupansi hotel dilaporkan mencapai 95 persen. Ini rekor tertinggi pasca pemulihan pariwisata daerah.</p><p class=\'mb-4 text-justify\'>Okupansi hotel dilaporkan mencapai 95 persen. Ini rekor tertinggi pasca pemulihan pariwisata daerah. Wisatawan tampak menikmati snorkeling dan bersepeda. Pihak keamanan desa adat meningkatkan patroli kenyamanan.</p><p class=\'mb-4 text-justify\'>Wisatawan tampak menikmati snorkeling dan bersepeda. Pihak keamanan desa adat meningkatkan patroli kenyamanan. Wisatawan tampak menikmati snorkeling dan bersepeda. Pihak keamanan desa adat meningkatkan patroli kenyamanan.</p><p class=\'mt-6 italic text-gray-500\'>Penulis: Tim Redaksi Lombok News (Batch 4)</p>', 'https://picsum.photos/seed/ntb_3_4/800/600', 0, 0, 0, '2025-12-31 19:14:46', '2026-01-12 15:14:46', '2026-01-12 15:14:46'),
(47, 8, 1, 'Unram Wisuda 1.500 Sarjana Baru Periode Ini : Analisis Mendalam', 'unram-wisuda-1500-sarjana-baru-periode-ini-analisis-mendalam-l08kYA', 'Universitas Mataram kembali meluluskan ribuan mahasiswa. Rektor berpesan agar alumni siap bersaing di era digital....', '<p class=\'lead font-bold\'><strong>MATARAM (Lombok News)</strong> - Unram Wisuda 1.500 Sarjana Baru Periode Ini : Analisis Mendalam.</p><p class=\'mb-4 text-justify\'>Universitas Mataram kembali meluluskan ribuan mahasiswa. Rektor berpesan agar alumni siap bersaing di era digital. Suasana haru terlihat saat wisudawan terbaik dari Fakultas Pertanian dipanggil ke panggung bersama orang tuanya.</p><p class=\'mb-4 text-justify\'>Suasana haru terlihat saat wisudawan terbaik dari Fakultas Pertanian dipanggil ke panggung bersama orang tuanya. Universitas Mataram kembali meluluskan ribuan mahasiswa. Rektor berpesan agar alumni siap bersaing di era digital.</p><p class=\'mb-4 text-justify\'>Diharapkan lulusan baru ini dapat membuka lapangan kerja sendiri dan tidak hanya bergantung pada lowongan PNS. Diharapkan lulusan baru ini dapat membuka lapangan kerja sendiri dan tidak hanya bergantung pada lowongan PNS.</p><p class=\'mb-4 text-justify\'>Universitas Mataram kembali meluluskan ribuan mahasiswa. Rektor berpesan agar alumni siap bersaing di era digital. Universitas Mataram kembali meluluskan ribuan mahasiswa. Rektor berpesan agar alumni siap bersaing di era digital.</p><p class=\'mb-4 text-justify\'>Suasana haru terlihat saat wisudawan terbaik dari Fakultas Pertanian dipanggil ke panggung bersama orang tuanya. Diharapkan lulusan baru ini dapat membuka lapangan kerja sendiri dan tidak hanya bergantung pada lowongan PNS.</p><p class=\'mb-4 text-justify\'>Diharapkan lulusan baru ini dapat membuka lapangan kerja sendiri dan tidak hanya bergantung pada lowongan PNS. Diharapkan lulusan baru ini dapat membuka lapangan kerja sendiri dan tidak hanya bergantung pada lowongan PNS.</p><h3 class=\'text-xl font-bold mt-6 mb-4\'>Fakta dan Data Lapangan</h3><p class=\'mb-4 text-justify\'>Universitas Mataram kembali meluluskan ribuan mahasiswa. Rektor berpesan agar alumni siap bersaing di era digital. Universitas Mataram kembali meluluskan ribuan mahasiswa. Rektor berpesan agar alumni siap bersaing di era digital.</p><p class=\'mb-4 text-justify\'>Suasana haru terlihat saat wisudawan terbaik dari Fakultas Pertanian dipanggil ke panggung bersama orang tuanya. Diharapkan lulusan baru ini dapat membuka lapangan kerja sendiri dan tidak hanya bergantung pada lowongan PNS.</p><p class=\'mb-4 text-justify\'>Diharapkan lulusan baru ini dapat membuka lapangan kerja sendiri dan tidak hanya bergantung pada lowongan PNS. Universitas Mataram kembali meluluskan ribuan mahasiswa. Rektor berpesan agar alumni siap bersaing di era digital.</p><p class=\'mt-6 italic text-gray-500\'>Penulis: Tim Redaksi Lombok News (Batch 4)</p>', 'https://picsum.photos/seed/ntb_4_4/800/600', 0, 0, 0, '2026-01-04 11:14:46', '2026-01-12 15:14:46', '2026-01-12 15:14:46'),
(48, 5, 1, 'Festival Peresean Digelar Meriah di Taman Budaya : Analisis Mendalam', 'festival-peresean-digelar-meriah-di-taman-budaya-analisis-mendalam-bQo807', 'Suara gamelan mengiringi pertarungan pepadu di arena Peresean. Ribuan penonton bersorak memberikan semangat....', '<p class=\'lead font-bold\'><strong>MATARAM (Lombok News)</strong> - Festival Peresean Digelar Meriah di Taman Budaya : Analisis Mendalam.</p><p class=\'mb-4 text-justify\'>Suara gamelan mengiringi pertarungan pepadu di arena Peresean. Ribuan penonton bersorak memberikan semangat. Tradisi adu ketangkasan ini digelar untuk melestarikan budaya Sasak dan menarik minat wisatawan domestik.</p><p class=\'mb-4 text-justify\'>Tradisi adu ketangkasan ini digelar untuk melestarikan budaya Sasak dan menarik minat wisatawan domestik. Tradisi adu ketangkasan ini digelar untuk melestarikan budaya Sasak dan menarik minat wisatawan domestik.</p><p class=\'mb-4 text-justify\'>Meski bertarung sengit, para pepadu langsung berpelukan usai laga, menjunjung tinggi nilai persaudaraan. Tradisi adu ketangkasan ini digelar untuk melestarikan budaya Sasak dan menarik minat wisatawan domestik.</p><p class=\'mb-4 text-justify\'>Suara gamelan mengiringi pertarungan pepadu di arena Peresean. Ribuan penonton bersorak memberikan semangat. Suara gamelan mengiringi pertarungan pepadu di arena Peresean. Ribuan penonton bersorak memberikan semangat.</p><p class=\'mb-4 text-justify\'>Tradisi adu ketangkasan ini digelar untuk melestarikan budaya Sasak dan menarik minat wisatawan domestik. Meski bertarung sengit, para pepadu langsung berpelukan usai laga, menjunjung tinggi nilai persaudaraan.</p><p class=\'mb-4 text-justify\'>Meski bertarung sengit, para pepadu langsung berpelukan usai laga, menjunjung tinggi nilai persaudaraan. Suara gamelan mengiringi pertarungan pepadu di arena Peresean. Ribuan penonton bersorak memberikan semangat.</p><h3 class=\'text-xl font-bold mt-6 mb-4\'>Fakta dan Data Lapangan</h3><p class=\'mb-4 text-justify\'>Suara gamelan mengiringi pertarungan pepadu di arena Peresean. Ribuan penonton bersorak memberikan semangat. Suara gamelan mengiringi pertarungan pepadu di arena Peresean. Ribuan penonton bersorak memberikan semangat.</p><p class=\'mb-4 text-justify\'>Tradisi adu ketangkasan ini digelar untuk melestarikan budaya Sasak dan menarik minat wisatawan domestik. Meski bertarung sengit, para pepadu langsung berpelukan usai laga, menjunjung tinggi nilai persaudaraan.</p><p class=\'mb-4 text-justify\'>Meski bertarung sengit, para pepadu langsung berpelukan usai laga, menjunjung tinggi nilai persaudaraan. Tradisi adu ketangkasan ini digelar untuk melestarikan budaya Sasak dan menarik minat wisatawan domestik.</p><p class=\'mt-6 italic text-gray-500\'>Penulis: Tim Redaksi Lombok News (Batch 4)</p>', 'https://picsum.photos/seed/ntb_5_4/800/600', 0, 0, 0, '2026-01-01 11:14:46', '2026-01-12 15:14:46', '2026-01-12 15:14:46'),
(49, 1, 1, 'Gubernur NTB Resmikan Jembatan Desa Terpencil : Analisis Mendalam', 'gubernur-ntb-resmikan-jembatan-desa-terpencil-analisis-mendalam-dbWLCq', 'Warga akhirnya bisa tersenyum lega. Jembatan penghubung desa ke pusat kota resmi dibuka oleh Gubernur hari ini....', '<p class=\'lead font-bold\'><strong>MATARAM (Lombok News)</strong> - Gubernur NTB Resmikan Jembatan Desa Terpencil : Analisis Mendalam.</p><p class=\'mb-4 text-justify\'>Warga akhirnya bisa tersenyum lega. Jembatan penghubung desa ke pusat kota resmi dibuka oleh Gubernur hari ini. Sebelumnya, warga harus menyeberang sungai deras atau memutar 10 km untuk menjual hasil bumi.</p><p class=\'mb-4 text-justify\'>Sebelumnya, warga harus menyeberang sungai deras atau memutar 10 km untuk menjual hasil bumi. Warga akhirnya bisa tersenyum lega. Jembatan penghubung desa ke pusat kota resmi dibuka oleh Gubernur hari ini.</p><p class=\'mb-4 text-justify\'>Pemerintah menegaskan komitmen pemerataan pembangunan infrastruktur hingga ke pelosok tanpa terkecuali. Sebelumnya, warga harus menyeberang sungai deras atau memutar 10 km untuk menjual hasil bumi.</p><p class=\'mb-4 text-justify\'>Warga akhirnya bisa tersenyum lega. Jembatan penghubung desa ke pusat kota resmi dibuka oleh Gubernur hari ini. Warga akhirnya bisa tersenyum lega. Jembatan penghubung desa ke pusat kota resmi dibuka oleh Gubernur hari ini.</p><p class=\'mb-4 text-justify\'>Sebelumnya, warga harus menyeberang sungai deras atau memutar 10 km untuk menjual hasil bumi. Pemerintah menegaskan komitmen pemerataan pembangunan infrastruktur hingga ke pelosok tanpa terkecuali.</p><p class=\'mb-4 text-justify\'>Pemerintah menegaskan komitmen pemerataan pembangunan infrastruktur hingga ke pelosok tanpa terkecuali. Pemerintah menegaskan komitmen pemerataan pembangunan infrastruktur hingga ke pelosok tanpa terkecuali.</p><h3 class=\'text-xl font-bold mt-6 mb-4\'>Fakta dan Data Lapangan</h3><p class=\'mb-4 text-justify\'>Warga akhirnya bisa tersenyum lega. Jembatan penghubung desa ke pusat kota resmi dibuka oleh Gubernur hari ini. Warga akhirnya bisa tersenyum lega. Jembatan penghubung desa ke pusat kota resmi dibuka oleh Gubernur hari ini.</p><p class=\'mb-4 text-justify\'>Sebelumnya, warga harus menyeberang sungai deras atau memutar 10 km untuk menjual hasil bumi. Warga akhirnya bisa tersenyum lega. Jembatan penghubung desa ke pusat kota resmi dibuka oleh Gubernur hari ini.</p><p class=\'mb-4 text-justify\'>Pemerintah menegaskan komitmen pemerataan pembangunan infrastruktur hingga ke pelosok tanpa terkecuali. Pemerintah menegaskan komitmen pemerataan pembangunan infrastruktur hingga ke pelosok tanpa terkecuali.</p><p class=\'mt-6 italic text-gray-500\'>Penulis: Tim Redaksi Lombok News (Batch 4)</p>', 'https://picsum.photos/seed/ntb_6_4/800/600', 0, 0, 0, '2026-01-04 16:14:46', '2026-01-12 15:14:46', '2026-01-12 15:14:46'),
(50, 1, 1, 'Car Free Day Udayana Kembali Ramai Pengunjung : Analisis Mendalam', 'car-free-day-udayana-kembali-ramai-pengunjung-analisis-mendalam-Xt6aWk', 'Jalan Udayana Mataram berubah menjadi lautan manusia. Warga antusias berolahraga pagi menikmati udara segar....', '<p class=\'lead font-bold\'><strong>MATARAM (Lombok News)</strong> - Car Free Day Udayana Kembali Ramai Pengunjung : Analisis Mendalam.</p><p class=\'mb-4 text-justify\'>Jalan Udayana Mataram berubah menjadi lautan manusia. Warga antusias berolahraga pagi menikmati udara segar. Pedagang kuliner lokal laris manis. Sate bulayak dan pelecing kangkung menjadi primadona sarapan warga.</p><p class=\'mb-4 text-justify\'>Pedagang kuliner lokal laris manis. Sate bulayak dan pelecing kangkung menjadi primadona sarapan warga. Pedagang kuliner lokal laris manis. Sate bulayak dan pelecing kangkung menjadi primadona sarapan warga.</p><p class=\'mb-4 text-justify\'>Dishub menutup akses kendaraan total selama 3 jam untuk menjamin keamanan pejalan kaki dan pesepeda. Dishub menutup akses kendaraan total selama 3 jam untuk menjamin keamanan pejalan kaki dan pesepeda.</p><p class=\'mb-4 text-justify\'>Jalan Udayana Mataram berubah menjadi lautan manusia. Warga antusias berolahraga pagi menikmati udara segar. Jalan Udayana Mataram berubah menjadi lautan manusia. Warga antusias berolahraga pagi menikmati udara segar.</p><p class=\'mb-4 text-justify\'>Pedagang kuliner lokal laris manis. Sate bulayak dan pelecing kangkung menjadi primadona sarapan warga. Jalan Udayana Mataram berubah menjadi lautan manusia. Warga antusias berolahraga pagi menikmati udara segar.</p><p class=\'mb-4 text-justify\'>Dishub menutup akses kendaraan total selama 3 jam untuk menjamin keamanan pejalan kaki dan pesepeda. Dishub menutup akses kendaraan total selama 3 jam untuk menjamin keamanan pejalan kaki dan pesepeda.</p><h3 class=\'text-xl font-bold mt-6 mb-4\'>Fakta dan Data Lapangan</h3><p class=\'mb-4 text-justify\'>Jalan Udayana Mataram berubah menjadi lautan manusia. Warga antusias berolahraga pagi menikmati udara segar. Dishub menutup akses kendaraan total selama 3 jam untuk menjamin keamanan pejalan kaki dan pesepeda.</p><p class=\'mb-4 text-justify\'>Pedagang kuliner lokal laris manis. Sate bulayak dan pelecing kangkung menjadi primadona sarapan warga. Jalan Udayana Mataram berubah menjadi lautan manusia. Warga antusias berolahraga pagi menikmati udara segar.</p><p class=\'mb-4 text-justify\'>Dishub menutup akses kendaraan total selama 3 jam untuk menjamin keamanan pejalan kaki dan pesepeda. Pedagang kuliner lokal laris manis. Sate bulayak dan pelecing kangkung menjadi primadona sarapan warga.</p><p class=\'mt-6 italic text-gray-500\'>Penulis: Tim Redaksi Lombok News (Batch 4)</p>', 'https://picsum.photos/seed/ntb_7_4/800/600', 0, 0, 0, '2026-01-04 07:14:46', '2026-01-12 15:14:46', '2026-01-12 15:14:46'),
(51, 3, 1, 'DPRD Soroti Jalan Rusak di Kawasan Sekotong : Analisis Mendalam', 'dprd-soroti-jalan-rusak-di-kawasan-sekotong-analisis-mendalam-U331TO', 'Komisi IV DPRD NTB melakukan sidak ke Lombok Barat menyusul laporan warga tentang jalan berlubang....', '<p class=\'lead font-bold\'><strong>MATARAM (Lombok News)</strong> - DPRD Soroti Jalan Rusak di Kawasan Sekotong : Analisis Mendalam.</p><p class=\'mb-4 text-justify\'>Komisi IV DPRD NTB melakukan sidak ke Lombok Barat menyusul laporan warga tentang jalan berlubang. Komisi IV DPRD NTB melakukan sidak ke Lombok Barat menyusul laporan warga tentang jalan berlubang.</p><p class=\'mb-4 text-justify\'>Dewan mendesak Dinas PUPR segera melakukan perbaikan sebelum jatuh korban jiwa, apalagi ini jalur wisata. Warga mengancam akan menanam pohon pisang di tengah jalan jika perbaikan tidak segera dilakukan.</p><p class=\'mb-4 text-justify\'>Warga mengancam akan menanam pohon pisang di tengah jalan jika perbaikan tidak segera dilakukan. Komisi IV DPRD NTB melakukan sidak ke Lombok Barat menyusul laporan warga tentang jalan berlubang.</p><p class=\'mb-4 text-justify\'>Komisi IV DPRD NTB melakukan sidak ke Lombok Barat menyusul laporan warga tentang jalan berlubang. Warga mengancam akan menanam pohon pisang di tengah jalan jika perbaikan tidak segera dilakukan.</p><p class=\'mb-4 text-justify\'>Dewan mendesak Dinas PUPR segera melakukan perbaikan sebelum jatuh korban jiwa, apalagi ini jalur wisata. Dewan mendesak Dinas PUPR segera melakukan perbaikan sebelum jatuh korban jiwa, apalagi ini jalur wisata.</p><p class=\'mb-4 text-justify\'>Warga mengancam akan menanam pohon pisang di tengah jalan jika perbaikan tidak segera dilakukan. Warga mengancam akan menanam pohon pisang di tengah jalan jika perbaikan tidak segera dilakukan.</p><h3 class=\'text-xl font-bold mt-6 mb-4\'>Fakta dan Data Lapangan</h3><p class=\'mb-4 text-justify\'>Komisi IV DPRD NTB melakukan sidak ke Lombok Barat menyusul laporan warga tentang jalan berlubang. Komisi IV DPRD NTB melakukan sidak ke Lombok Barat menyusul laporan warga tentang jalan berlubang.</p><p class=\'mb-4 text-justify\'>Dewan mendesak Dinas PUPR segera melakukan perbaikan sebelum jatuh korban jiwa, apalagi ini jalur wisata. Dewan mendesak Dinas PUPR segera melakukan perbaikan sebelum jatuh korban jiwa, apalagi ini jalur wisata.</p><p class=\'mb-4 text-justify\'>Warga mengancam akan menanam pohon pisang di tengah jalan jika perbaikan tidak segera dilakukan. Warga mengancam akan menanam pohon pisang di tengah jalan jika perbaikan tidak segera dilakukan.</p><p class=\'mt-6 italic text-gray-500\'>Penulis: Tim Redaksi Lombok News (Batch 4)</p>', 'https://picsum.photos/seed/ntb_8_4/800/600', 0, 0, 0, '2026-01-11 22:14:46', '2026-01-12 15:14:46', '2026-01-12 15:14:46');
INSERT INTO `posts` (`id`, `category_id`, `user_id`, `title`, `slug`, `excerpt`, `body`, `image`, `is_headline`, `is_editor_choice`, `views`, `published_at`, `created_at`, `updated_at`) VALUES
(52, 2, 1, 'Razia Knalpot Brong di Mataram, Puluhan Motor Diamankan : Analisis Mendalam', 'razia-knalpot-brong-di-mataram-puluhan-motor-diamankan-analisis-mendalam-dCQOS2', 'Satlantas Polresta Mataram menggelar razia balap liar dan knalpot bising yang meresahkan warga saat malam hari....', '<p class=\'lead font-bold\'><strong>MATARAM (Lombok News)</strong> - Razia Knalpot Brong di Mataram, Puluhan Motor Diamankan : Analisis Mendalam.</p><p class=\'mb-4 text-justify\'>Satlantas Polresta Mataram menggelar razia balap liar dan knalpot bising yang meresahkan warga saat malam hari. Polisi menegaskan tidak ada toleransi bagi pelanggar ketertiban umum di jalan raya.</p><p class=\'mb-4 text-justify\'>Puluhan remaja terjaring razia. Mereka diwajibkan mengganti knalpot standar dan memusnahkan knalpot brong sendiri. Puluhan remaja terjaring razia. Mereka diwajibkan mengganti knalpot standar dan memusnahkan knalpot brong sendiri.</p><p class=\'mb-4 text-justify\'>Polisi menegaskan tidak ada toleransi bagi pelanggar ketertiban umum di jalan raya. Satlantas Polresta Mataram menggelar razia balap liar dan knalpot bising yang meresahkan warga saat malam hari.</p><p class=\'mb-4 text-justify\'>Satlantas Polresta Mataram menggelar razia balap liar dan knalpot bising yang meresahkan warga saat malam hari. Puluhan remaja terjaring razia. Mereka diwajibkan mengganti knalpot standar dan memusnahkan knalpot brong sendiri.</p><p class=\'mb-4 text-justify\'>Puluhan remaja terjaring razia. Mereka diwajibkan mengganti knalpot standar dan memusnahkan knalpot brong sendiri. Puluhan remaja terjaring razia. Mereka diwajibkan mengganti knalpot standar dan memusnahkan knalpot brong sendiri.</p><p class=\'mb-4 text-justify\'>Polisi menegaskan tidak ada toleransi bagi pelanggar ketertiban umum di jalan raya. Polisi menegaskan tidak ada toleransi bagi pelanggar ketertiban umum di jalan raya.</p><h3 class=\'text-xl font-bold mt-6 mb-4\'>Fakta dan Data Lapangan</h3><p class=\'mb-4 text-justify\'>Satlantas Polresta Mataram menggelar razia balap liar dan knalpot bising yang meresahkan warga saat malam hari. Satlantas Polresta Mataram menggelar razia balap liar dan knalpot bising yang meresahkan warga saat malam hari.</p><p class=\'mb-4 text-justify\'>Puluhan remaja terjaring razia. Mereka diwajibkan mengganti knalpot standar dan memusnahkan knalpot brong sendiri. Puluhan remaja terjaring razia. Mereka diwajibkan mengganti knalpot standar dan memusnahkan knalpot brong sendiri.</p><p class=\'mb-4 text-justify\'>Polisi menegaskan tidak ada toleransi bagi pelanggar ketertiban umum di jalan raya. Puluhan remaja terjaring razia. Mereka diwajibkan mengganti knalpot standar dan memusnahkan knalpot brong sendiri.</p><p class=\'mt-6 italic text-gray-500\'>Penulis: Tim Redaksi Lombok News (Batch 4)</p>', 'https://picsum.photos/seed/ntb_9_4/800/600', 0, 0, 0, '2026-01-01 00:14:46', '2026-01-12 15:14:46', '2026-01-12 15:14:46'),
(53, 10, 1, 'Anak Muda Lombok Ciptakan Aplikasi E-Commerce Lokal : Analisis Mendalam', 'anak-muda-lombok-ciptakan-aplikasi-e-commerce-lokal-analisis-mendalam-W4zhgR', 'Sekelompok mahasiswa STMIK di Mataram meluncurkan startup baru yang fokus memasarkan produk UMKM NTB....', '<p class=\'lead font-bold\'><strong>MATARAM (Lombok News)</strong> - Anak Muda Lombok Ciptakan Aplikasi E-Commerce Lokal : Analisis Mendalam.</p><p class=\'mb-4 text-justify\'>Sekelompok mahasiswa STMIK di Mataram meluncurkan startup baru yang fokus memasarkan produk UMKM NTB. Aplikasi ini diharapkan membantu pengrajin tenun dan mutiara menjangkau pasar internasional dengan mudah.</p><p class=\'mb-4 text-justify\'>Aplikasi ini diharapkan membantu pengrajin tenun dan mutiara menjangkau pasar internasional dengan mudah. Aplikasi ini diharapkan membantu pengrajin tenun dan mutiara menjangkau pasar internasional dengan mudah.</p><p class=\'mb-4 text-justify\'>Dinas Perindustrian memberikan apresiasi dan janji pendampingan inkubasi bisnis bagi startup lokal ini. Dinas Perindustrian memberikan apresiasi dan janji pendampingan inkubasi bisnis bagi startup lokal ini.</p><p class=\'mb-4 text-justify\'>Sekelompok mahasiswa STMIK di Mataram meluncurkan startup baru yang fokus memasarkan produk UMKM NTB. Sekelompok mahasiswa STMIK di Mataram meluncurkan startup baru yang fokus memasarkan produk UMKM NTB.</p><p class=\'mb-4 text-justify\'>Aplikasi ini diharapkan membantu pengrajin tenun dan mutiara menjangkau pasar internasional dengan mudah. Aplikasi ini diharapkan membantu pengrajin tenun dan mutiara menjangkau pasar internasional dengan mudah.</p><p class=\'mb-4 text-justify\'>Dinas Perindustrian memberikan apresiasi dan janji pendampingan inkubasi bisnis bagi startup lokal ini. Aplikasi ini diharapkan membantu pengrajin tenun dan mutiara menjangkau pasar internasional dengan mudah.</p><h3 class=\'text-xl font-bold mt-6 mb-4\'>Fakta dan Data Lapangan</h3><p class=\'mb-4 text-justify\'>Sekelompok mahasiswa STMIK di Mataram meluncurkan startup baru yang fokus memasarkan produk UMKM NTB. Dinas Perindustrian memberikan apresiasi dan janji pendampingan inkubasi bisnis bagi startup lokal ini.</p><p class=\'mb-4 text-justify\'>Aplikasi ini diharapkan membantu pengrajin tenun dan mutiara menjangkau pasar internasional dengan mudah. Sekelompok mahasiswa STMIK di Mataram meluncurkan startup baru yang fokus memasarkan produk UMKM NTB.</p><p class=\'mb-4 text-justify\'>Dinas Perindustrian memberikan apresiasi dan janji pendampingan inkubasi bisnis bagi startup lokal ini. Sekelompok mahasiswa STMIK di Mataram meluncurkan startup baru yang fokus memasarkan produk UMKM NTB.</p><p class=\'mt-6 italic text-gray-500\'>Penulis: Tim Redaksi Lombok News (Batch 4)</p>', 'https://picsum.photos/seed/ntb_10_4/800/600', 0, 0, 0, '2026-01-08 03:14:46', '2026-01-12 15:14:46', '2026-01-12 15:14:46'),
(54, 9, 1, 'RSUD Provinsi NTB Tambah Fasilitas Operasi Jantung : Analisis Mendalam', 'rsud-provinsi-ntb-tambah-fasilitas-operasi-jantung-analisis-mendalam-BK7vxO', 'Kabar gembira bagi warga NTB. RSUD Provinsi kini memiliki alat canggih untuk operasi pasang ring jantung....', '<p class=\'lead font-bold\'><strong>MATARAM (Lombok News)</strong> - RSUD Provinsi NTB Tambah Fasilitas Operasi Jantung : Analisis Mendalam.</p><p class=\'mb-4 text-justify\'>Kabar gembira bagi warga NTB. RSUD Provinsi kini memiliki alat canggih untuk operasi pasang ring jantung. Pasien tidak perlu lagi dirujuk ke Bali atau Jawa, sehingga biaya pengobatan bisa lebih hemat.</p><p class=\'mb-4 text-justify\'>Pasien tidak perlu lagi dirujuk ke Bali atau Jawa, sehingga biaya pengobatan bisa lebih hemat. Kabar gembira bagi warga NTB. RSUD Provinsi kini memiliki alat canggih untuk operasi pasang ring jantung.</p><p class=\'mb-4 text-justify\'>Gubernur berharap peningkatan layanan ini diimbangi dengan keramahan tenaga medis kepada pasien. Kabar gembira bagi warga NTB. RSUD Provinsi kini memiliki alat canggih untuk operasi pasang ring jantung.</p><p class=\'mb-4 text-justify\'>Kabar gembira bagi warga NTB. RSUD Provinsi kini memiliki alat canggih untuk operasi pasang ring jantung. Pasien tidak perlu lagi dirujuk ke Bali atau Jawa, sehingga biaya pengobatan bisa lebih hemat.</p><p class=\'mb-4 text-justify\'>Pasien tidak perlu lagi dirujuk ke Bali atau Jawa, sehingga biaya pengobatan bisa lebih hemat. Kabar gembira bagi warga NTB. RSUD Provinsi kini memiliki alat canggih untuk operasi pasang ring jantung.</p><p class=\'mb-4 text-justify\'>Gubernur berharap peningkatan layanan ini diimbangi dengan keramahan tenaga medis kepada pasien. Kabar gembira bagi warga NTB. RSUD Provinsi kini memiliki alat canggih untuk operasi pasang ring jantung.</p><h3 class=\'text-xl font-bold mt-6 mb-4\'>Fakta dan Data Lapangan</h3><p class=\'mb-4 text-justify\'>Kabar gembira bagi warga NTB. RSUD Provinsi kini memiliki alat canggih untuk operasi pasang ring jantung. Gubernur berharap peningkatan layanan ini diimbangi dengan keramahan tenaga medis kepada pasien.</p><p class=\'mb-4 text-justify\'>Pasien tidak perlu lagi dirujuk ke Bali atau Jawa, sehingga biaya pengobatan bisa lebih hemat. Kabar gembira bagi warga NTB. RSUD Provinsi kini memiliki alat canggih untuk operasi pasang ring jantung.</p><p class=\'mb-4 text-justify\'>Gubernur berharap peningkatan layanan ini diimbangi dengan keramahan tenaga medis kepada pasien. Pasien tidak perlu lagi dirujuk ke Bali atau Jawa, sehingga biaya pengobatan bisa lebih hemat.</p><p class=\'mt-6 italic text-gray-500\'>Penulis: Tim Redaksi Lombok News (Batch 4)</p>', 'https://picsum.photos/seed/ntb_11_4/800/600', 0, 0, 0, '2026-01-10 09:14:46', '2026-01-12 15:14:46', '2026-01-12 15:14:46'),
(55, 6, 1, 'Pesona Bukit Merese Jadi Spot Sunset Terbaik : Analisis Mendalam', 'pesona-bukit-merese-jadi-spot-sunset-terbaik-analisis-mendalam-51bXTi', 'Bukit Merese di Kuta Mandalika tak pernah sepi pengunjung jelang sore hari. Pemandangan laut lepas memukau mata....', '<p class=\'lead font-bold\'><strong>MATARAM (Lombok News)</strong> - Pesona Bukit Merese Jadi Spot Sunset Terbaik : Analisis Mendalam.</p><p class=\'mb-4 text-justify\'>Bukit Merese di Kuta Mandalika tak pernah sepi pengunjung jelang sore hari. Pemandangan laut lepas memukau mata. Bukit Merese di Kuta Mandalika tak pernah sepi pengunjung jelang sore hari. Pemandangan laut lepas memukau mata.</p><p class=\'mb-4 text-justify\'>Banyak konten kreator menjadikan lokasi ini sebagai latar video estetik mereka. Bukit Merese di Kuta Mandalika tak pernah sepi pengunjung jelang sore hari. Pemandangan laut lepas memukau mata.</p><p class=\'mb-4 text-justify\'>Pengelola parkir menghimbau pengunjung tetap menjaga kebersihan dan tidak membuang sampah plastik sembarangan. Banyak konten kreator menjadikan lokasi ini sebagai latar video estetik mereka.</p><p class=\'mb-4 text-justify\'>Bukit Merese di Kuta Mandalika tak pernah sepi pengunjung jelang sore hari. Pemandangan laut lepas memukau mata. Bukit Merese di Kuta Mandalika tak pernah sepi pengunjung jelang sore hari. Pemandangan laut lepas memukau mata.</p><p class=\'mb-4 text-justify\'>Banyak konten kreator menjadikan lokasi ini sebagai latar video estetik mereka. Banyak konten kreator menjadikan lokasi ini sebagai latar video estetik mereka.</p><p class=\'mb-4 text-justify\'>Pengelola parkir menghimbau pengunjung tetap menjaga kebersihan dan tidak membuang sampah plastik sembarangan. Bukit Merese di Kuta Mandalika tak pernah sepi pengunjung jelang sore hari. Pemandangan laut lepas memukau mata.</p><h3 class=\'text-xl font-bold mt-6 mb-4\'>Fakta dan Data Lapangan</h3><p class=\'mb-4 text-justify\'>Bukit Merese di Kuta Mandalika tak pernah sepi pengunjung jelang sore hari. Pemandangan laut lepas memukau mata. Banyak konten kreator menjadikan lokasi ini sebagai latar video estetik mereka.</p><p class=\'mb-4 text-justify\'>Banyak konten kreator menjadikan lokasi ini sebagai latar video estetik mereka. Banyak konten kreator menjadikan lokasi ini sebagai latar video estetik mereka.</p><p class=\'mb-4 text-justify\'>Pengelola parkir menghimbau pengunjung tetap menjaga kebersihan dan tidak membuang sampah plastik sembarangan. Pengelola parkir menghimbau pengunjung tetap menjaga kebersihan dan tidak membuang sampah plastik sembarangan.</p><p class=\'mt-6 italic text-gray-500\'>Penulis: Tim Redaksi Lombok News (Batch 4)</p>', 'https://picsum.photos/seed/ntb_12_4/800/600', 0, 0, 0, '2026-01-12 01:14:46', '2026-01-12 15:14:46', '2026-01-12 15:14:46'),
(56, 7, 1, 'Ekspor Manggis Lombok Tembus Pasar China : Analisis Mendalam', 'ekspor-manggis-lombok-tembus-pasar-china-analisis-mendalam-Bz6CMu', 'Petani manggis di Narmada sumringah. Hasil panen mereka tahun ini berhasil diekspor langsung ke Tiongkok....', '<p class=\'lead font-bold\'><strong>MATARAM (Lombok News)</strong> - Ekspor Manggis Lombok Tembus Pasar China : Analisis Mendalam.</p><p class=\'mb-4 text-justify\'>Petani manggis di Narmada sumringah. Hasil panen mereka tahun ini berhasil diekspor langsung ke Tiongkok. Kualitas buah lokal dinilai sangat kompetitif. Dinas Pertanian terus melakukan pendampingan SOP pasca panen.</p><p class=\'mb-4 text-justify\'>Kualitas buah lokal dinilai sangat kompetitif. Dinas Pertanian terus melakukan pendampingan SOP pasca panen. Petani manggis di Narmada sumringah. Hasil panen mereka tahun ini berhasil diekspor langsung ke Tiongkok.</p><p class=\'mb-4 text-justify\'>Nilai transaksi ekspor ini mencapai miliaran rupiah, mendongkrak devisa daerah secara signifikan. Nilai transaksi ekspor ini mencapai miliaran rupiah, mendongkrak devisa daerah secara signifikan.</p><p class=\'mb-4 text-justify\'>Petani manggis di Narmada sumringah. Hasil panen mereka tahun ini berhasil diekspor langsung ke Tiongkok. Kualitas buah lokal dinilai sangat kompetitif. Dinas Pertanian terus melakukan pendampingan SOP pasca panen.</p><p class=\'mb-4 text-justify\'>Kualitas buah lokal dinilai sangat kompetitif. Dinas Pertanian terus melakukan pendampingan SOP pasca panen. Petani manggis di Narmada sumringah. Hasil panen mereka tahun ini berhasil diekspor langsung ke Tiongkok.</p><p class=\'mb-4 text-justify\'>Nilai transaksi ekspor ini mencapai miliaran rupiah, mendongkrak devisa daerah secara signifikan. Nilai transaksi ekspor ini mencapai miliaran rupiah, mendongkrak devisa daerah secara signifikan.</p><h3 class=\'text-xl font-bold mt-6 mb-4\'>Fakta dan Data Lapangan</h3><p class=\'mb-4 text-justify\'>Petani manggis di Narmada sumringah. Hasil panen mereka tahun ini berhasil diekspor langsung ke Tiongkok. Nilai transaksi ekspor ini mencapai miliaran rupiah, mendongkrak devisa daerah secara signifikan.</p><p class=\'mb-4 text-justify\'>Kualitas buah lokal dinilai sangat kompetitif. Dinas Pertanian terus melakukan pendampingan SOP pasca panen. Petani manggis di Narmada sumringah. Hasil panen mereka tahun ini berhasil diekspor langsung ke Tiongkok.</p><p class=\'mb-4 text-justify\'>Nilai transaksi ekspor ini mencapai miliaran rupiah, mendongkrak devisa daerah secara signifikan. Nilai transaksi ekspor ini mencapai miliaran rupiah, mendongkrak devisa daerah secara signifikan.</p><p class=\'mt-6 italic text-gray-500\'>Penulis: Tim Redaksi Lombok News (Batch 4)</p>', 'https://picsum.photos/seed/ntb_13_4/800/600', 0, 0, 0, '2026-01-04 19:14:46', '2026-01-12 15:14:46', '2026-01-12 15:14:46'),
(57, 3, 1, 'zzzzzzzzzz', 'zzzzzzzzzz-XN1Cm', 'aaaaaa', 'aaaaaa', 'posts/jjr7zThIF0BPaVs4GmCOBG6fbqOyquF2SLlbXNRt.png', 1, 1, 1, '2026-01-12 15:16:13', '2026-01-12 15:16:13', '2026-01-12 15:24:08');

-- --------------------------------------------------------

--
-- Struktur dari tabel `sessions`
--

CREATE TABLE `sessions` (
  `id` varchar(255) NOT NULL,
  `user_id` bigint(20) UNSIGNED DEFAULT NULL,
  `ip_address` varchar(45) DEFAULT NULL,
  `user_agent` text DEFAULT NULL,
  `payload` longtext NOT NULL,
  `last_activity` int(11) NOT NULL
) ENGINE=InnoDB DEFAULT CHARSET=utf8mb4 COLLATE=utf8mb4_unicode_ci;

--
-- Dumping data untuk tabel `sessions`
--

INSERT INTO `sessions` (`id`, `user_id`, `ip_address`, `user_agent`, `payload`, `last_activity`) VALUES
('1QNJPIJrvM1FcDVt6PuBSDeHNOFGSYVHjSjkdddy', 1, '127.0.0.1', 'Mozilla/5.0 (Windows NT 10.0; Win64; x64) AppleWebKit/537.36 (KHTML, like Gecko) Chrome/126.0.0.0 Safari/537.36', 'YTo1OntzOjY6Il90b2tlbiI7czo0MDoiVG1KNnpHYUNXV1RQOFZvNlNUM0VmU2k5bE04ZUNyNFgxZ3c0amhXWSI7czo5OiJfcHJldmlvdXMiO2E6Mjp7czozOiJ1cmwiO3M6MjE6Imh0dHA6Ly8xMjcuMC4wLjE6ODAwMCI7czo1OiJyb3V0ZSI7czo0OiJob21lIjt9czo2OiJfZmxhc2giO2E6Mjp7czozOiJvbGQiO2E6MDp7fXM6MzoibmV3IjthOjA6e319czozOiJ1cmwiO2E6MTp7czo4OiJpbnRlbmRlZCI7czo0NDoiaHR0cDovLzEyNy4wLjAuMTo4MDAwL2FkbWluL2Rhc2hib2FyZC9jcmVhdGUiO31zOjUwOiJsb2dpbl93ZWJfNTliYTM2YWRkYzJiMmY5NDAxNTgwZjAxNGM3ZjU4ZWE0ZTMwOTg5ZCI7aToxO30=', 1768231458);

-- --------------------------------------------------------

--
-- Struktur dari tabel `users`
--

CREATE TABLE `users` (
  `id` bigint(20) UNSIGNED NOT NULL,
  `name` varchar(255) NOT NULL,
  `email` varchar(255) NOT NULL,
  `email_verified_at` timestamp NULL DEFAULT NULL,
  `password` varchar(255) NOT NULL,
  `remember_token` varchar(100) DEFAULT NULL,
  `created_at` timestamp NULL DEFAULT NULL,
  `updated_at` timestamp NULL DEFAULT NULL
) ENGINE=InnoDB DEFAULT CHARSET=utf8mb4 COLLATE=utf8mb4_unicode_ci;

--
-- Dumping data untuk tabel `users`
--

INSERT INTO `users` (`id`, `name`, `email`, `email_verified_at`, `password`, `remember_token`, `created_at`, `updated_at`) VALUES
(1, 'Admin Redaksi', 'admin@gmail.com', '2026-01-12 15:14:45', '$2y$12$pVyb3NexhbyIdvbuywskzuWMtrYppo/hFSADmMis1SnPvw0oEoVZi', NULL, '2026-01-12 15:14:45', '2026-01-12 15:14:45');

--
-- Indexes for dumped tables
--

--
-- Indeks untuk tabel `cache`
--
ALTER TABLE `cache`
  ADD PRIMARY KEY (`key`);

--
-- Indeks untuk tabel `cache_locks`
--
ALTER TABLE `cache_locks`
  ADD PRIMARY KEY (`key`);

--
-- Indeks untuk tabel `categories`
--
ALTER TABLE `categories`
  ADD PRIMARY KEY (`id`),
  ADD UNIQUE KEY `categories_slug_unique` (`slug`);

--
-- Indeks untuk tabel `failed_jobs`
--
ALTER TABLE `failed_jobs`
  ADD PRIMARY KEY (`id`),
  ADD UNIQUE KEY `failed_jobs_uuid_unique` (`uuid`);

--
-- Indeks untuk tabel `jobs`
--
ALTER TABLE `jobs`
  ADD PRIMARY KEY (`id`),
  ADD KEY `jobs_queue_index` (`queue`);

--
-- Indeks untuk tabel `job_batches`
--
ALTER TABLE `job_batches`
  ADD PRIMARY KEY (`id`);

--
-- Indeks untuk tabel `migrations`
--
ALTER TABLE `migrations`
  ADD PRIMARY KEY (`id`);

--
-- Indeks untuk tabel `password_reset_tokens`
--
ALTER TABLE `password_reset_tokens`
  ADD PRIMARY KEY (`email`);

--
-- Indeks untuk tabel `posts`
--
ALTER TABLE `posts`
  ADD PRIMARY KEY (`id`),
  ADD UNIQUE KEY `posts_slug_unique` (`slug`),
  ADD KEY `posts_category_id_foreign` (`category_id`),
  ADD KEY `posts_user_id_foreign` (`user_id`);

--
-- Indeks untuk tabel `sessions`
--
ALTER TABLE `sessions`
  ADD PRIMARY KEY (`id`),
  ADD KEY `sessions_user_id_index` (`user_id`),
  ADD KEY `sessions_last_activity_index` (`last_activity`);

--
-- Indeks untuk tabel `users`
--
ALTER TABLE `users`
  ADD PRIMARY KEY (`id`),
  ADD UNIQUE KEY `users_email_unique` (`email`);

--
-- AUTO_INCREMENT untuk tabel yang dibuang
--

--
-- AUTO_INCREMENT untuk tabel `categories`
--
ALTER TABLE `categories`
  MODIFY `id` bigint(20) UNSIGNED NOT NULL AUTO_INCREMENT, AUTO_INCREMENT=11;

--
-- AUTO_INCREMENT untuk tabel `failed_jobs`
--
ALTER TABLE `failed_jobs`
  MODIFY `id` bigint(20) UNSIGNED NOT NULL AUTO_INCREMENT;

--
-- AUTO_INCREMENT untuk tabel `jobs`
--
ALTER TABLE `jobs`
  MODIFY `id` bigint(20) UNSIGNED NOT NULL AUTO_INCREMENT;

--
-- AUTO_INCREMENT untuk tabel `migrations`
--
ALTER TABLE `migrations`
  MODIFY `id` int(10) UNSIGNED NOT NULL AUTO_INCREMENT, AUTO_INCREMENT=6;

--
-- AUTO_INCREMENT untuk tabel `posts`
--
ALTER TABLE `posts`
  MODIFY `id` bigint(20) UNSIGNED NOT NULL AUTO_INCREMENT, AUTO_INCREMENT=58;

--
-- AUTO_INCREMENT untuk tabel `users`
--
ALTER TABLE `users`
  MODIFY `id` bigint(20) UNSIGNED NOT NULL AUTO_INCREMENT, AUTO_INCREMENT=2;

--
-- Ketidakleluasaan untuk tabel pelimpahan (Dumped Tables)
--

--
-- Ketidakleluasaan untuk tabel `posts`
--
ALTER TABLE `posts`
  ADD CONSTRAINT `posts_category_id_foreign` FOREIGN KEY (`category_id`) REFERENCES `categories` (`id`),
  ADD CONSTRAINT `posts_user_id_foreign` FOREIGN KEY (`user_id`) REFERENCES `users` (`id`);
COMMIT;

/*!40101 SET CHARACTER_SET_CLIENT=@OLD_CHARACTER_SET_CLIENT */;
/*!40101 SET CHARACTER_SET_RESULTS=@OLD_CHARACTER_SET_RESULTS */;
/*!40101 SET COLLATION_CONNECTION=@OLD_COLLATION_CONNECTION */;
